2026/05/05 17:20:44 [notice] 1#1: signal 3 (SIGQUIT) received, shutting down
2026/05/05 17:20:44 [notice] 22#22: gracefully shutting down
2026/05/05 17:20:44 [notice] 23#23: gracefully shutting down
2026/05/05 17:20:44 [notice] 23#23: exiting
2026/05/05 17:20:44 [notice] 24#24: gracefully shutting down
2026/05/05 17:20:44 [notice] 27#27: gracefully shutting down
2026/05/05 17:20:44 [notice] 27#27: exiting
2026/05/05 17:20:44 [notice] 25#25: gracefully shutting down
2026/05/05 17:20:44 [notice] 26#26: gracefully shutting down
2026/05/05 17:20:44 [notice] 29#29: gracefully shutting down
2026/05/05 17:20:44 [notice] 28#28: gracefully shutting down
2026/05/05 17:20:44 [notice] 30#30: gracefully shutting down
2026/05/05 17:20:44 [notice] 32#32: gracefully shutting down
2026/05/05 17:20:44 [notice] 33#33: gracefully shutting down
2026/05/05 17:20:44 [notice] 34#34: gracefully shutting down
2026/05/05 17:20:44 [notice] 34#34: exiting
2026/05/05 17:20:44 [notice] 35#35: gracefully shutting down
2026/05/05 17:20:44 [notice] 36#36: gracefully shutting down
2026/05/05 17:20:44 [notice] 38#38: gracefully shutting down
2026/05/05 17:20:44 [notice] 37#37: gracefully shutting down
2026/05/05 17:20:44 [notice] 31#31: gracefully shutting down
2026/05/05 17:20:44 [notice] 40#40: gracefully shutting down
2026/05/05 17:20:44 [notice] 41#41: gracefully shutting down
2026/05/05 17:20:44 [notice] 39#39: gracefully shutting down
2026/05/05 17:20:44 [notice] 22#22: exiting
2026/05/05 17:20:44 [notice] 23#23: exit
2026/05/05 17:20:44 [notice] 24#24: exiting
2026/05/05 17:20:44 [notice] 27#27: exit
2026/05/05 17:20:44 [notice] 25#25: exiting
2026/05/05 17:20:44 [notice] 26#26: exiting
2026/05/05 17:20:44 [notice] 29#29: exiting
2026/05/05 17:20:44 [notice] 28#28: exiting
2026/05/05 17:20:44 [notice] 30#30: exiting
2026/05/05 17:20:44 [notice] 32#32: exiting
2026/05/05 17:20:44 [notice] 33#33: exiting
2026/05/05 17:20:44 [notice] 34#34: exit
2026/05/05 17:20:44 [notice] 35#35: exiting
2026/05/05 17:20:44 [notice] 36#36: exiting
2026/05/05 17:20:44 [notice] 38#38: exiting
2026/05/05 17:20:44 [notice] 37#37: exiting
2026/05/05 17:20:44 [notice] 31#31: exiting
2026/05/05 17:20:44 [notice] 40#40: exiting
2026/05/05 17:20:44 [notice] 41#41: exiting
2026/05/05 17:20:44 [notice] 39#39: exiting
2026/05/05 17:20:44 [notice] 22#22: exit
2026/05/05 17:20:44 [notice] 24#24: exit
2026/05/05 17:20:44 [notice] 25#25: exit
2026/05/05 17:20:44 [notice] 26#26: exit
2026/05/05 17:20:44 [notice] 29#29: exit
2026/05/05 17:20:44 [notice] 28#28: exit
2026/05/05 17:20:44 [notice] 30#30: exit
2026/05/05 17:20:44 [notice] 32#32: exit
2026/05/05 17:20:44 [notice] 33#33: exit
2026/05/05 17:20:44 [notice] 35#35: exit
2026/05/05 17:20:44 [notice] 36#36: exit
2026/05/05 17:20:44 [notice] 38#38: exit
2026/05/05 17:20:44 [notice] 37#37: exit
2026/05/05 17:20:44 [notice] 31#31: exit
2026/05/05 17:20:44 [notice] 40#40: exit
2026/05/05 17:20:45 [notice] 1#1: signal 17 (SIGCHLD) received from 23
2026/05/05 17:20:45 [notice] 1#1: worker process 23 exited with code 0
2026/05/05 17:20:44 [notice] 41#41: exit
2026/05/05 17:20:44 [notice] 39#39: exit
2026/05/05 17:20:45 [notice] 1#1: worker process 27 exited with code 0
2026/05/05 17:20:45 [notice] 1#1: signal 29 (SIGIO) received
2026/05/05 17:20:45 [notice] 1#1: signal 17 (SIGCHLD) received from 27
2026/05/05 17:20:45 [notice] 1#1: signal 17 (SIGCHLD) received from 34
2026/05/05 17:20:45 [notice] 1#1: worker process 34 exited with code 0
2026/05/05 17:20:45 [notice] 1#1: signal 29 (SIGIO) received
2026/05/05 17:20:45 [notice] 1#1: signal 17 (SIGCHLD) received from 22
2026/05/05 17:20:45 [notice] 1#1: worker process 22 exited with code 0
2026/05/05 17:20:45 [notice] 1#1: signal 29 (SIGIO) received
2026/05/05 17:20:45 [notice] 1#1: signal 17 (SIGCHLD) received from 29
2026/05/05 17:20:45 [notice] 1#1: worker process 24 exited with code 0
2026/05/05 17:20:45 [notice] 1#1: worker process 25 exited with code 0
2026/05/05 17:20:45 [notice] 1#1: worker process 26 exited with code 0
2026/05/05 17:20:45 [notice] 1#1: worker process 28 exited with code 0
2026/05/05 17:20:45 [notice] 1#1: worker process 29 exited with code 0
2026/05/05 17:20:45 [notice] 1#1: worker process 30 exited with code 0
2026/05/05 17:20:45 [notice] 1#1: worker process 32 exited with code 0
2026/05/05 17:20:45 [notice] 1#1: worker process 33 exited with code 0
2026/05/05 17:20:45 [notice] 1#1: worker process 35 exited with code 0
2026/05/05 17:20:45 [notice] 1#1: worker process 36 exited with code 0
2026/05/05 17:20:45 [notice] 1#1: worker process 37 exited with code 0
2026/05/05 17:20:45 [notice] 1#1: signal 29 (SIGIO) received
2026/05/05 17:20:45 [notice] 1#1: signal 17 (SIGCHLD) received from 25
2026/05/05 17:20:45 [notice] 1#1: signal 17 (SIGCHLD) received from 38
2026/05/05 17:20:45 [notice] 1#1: worker process 38 exited with code 0
2026/05/05 17:20:45 [notice] 1#1: worker process 39 exited with code 0
2026/05/05 17:20:45 [notice] 1#1: worker process 40 exited with code 0
2026/05/05 17:20:45 [notice] 1#1: worker process 41 exited with code 0
2026/05/05 17:20:45 [notice] 1#1: signal 29 (SIGIO) received
2026/05/05 17:20:45 [notice] 1#1: signal 17 (SIGCHLD) received from 40
2026/05/05 17:20:45 [notice] 1#1: signal 17 (SIGCHLD) received from 31
2026/05/05 17:20:45 [notice] 1#1: worker process 31 exited with code 0
2026/05/05 17:20:45 [notice] 1#1: exit
2026/05/05 17:20:58 [notice] 1#1: using the "epoll" event method
2026/05/05 17:20:58 [notice] 1#1: nginx/1.28.2
2026/05/05 17:20:58 [notice] 1#1: built by gcc 14.2.0 (Debian 14.2.0-19) 
2026/05/05 17:20:58 [notice] 1#1: OS: Linux 6.6.87.2-microsoft-standard-WSL2
2026/05/05 17:20:58 [notice] 1#1: getrlimit(RLIMIT_NOFILE): 1048576:1048576
2026/05/05 17:20:58 [notice] 1#1: start worker processes
2026/05/05 17:20:58 [notice] 1#1: start worker process 21
2026/05/05 17:20:58 [notice] 1#1: start worker process 22
2026/05/05 17:20:58 [notice] 1#1: start worker process 23
2026/05/05 17:20:58 [notice] 1#1: start worker process 24
2026/05/05 17:20:58 [notice] 1#1: start worker process 25
2026/05/05 17:20:58 [notice] 1#1: start worker process 26
2026/05/05 17:20:58 [notice] 1#1: start worker process 27
2026/05/05 17:20:58 [notice] 1#1: start worker process 28
2026/05/05 17:20:58 [notice] 1#1: start worker process 29
2026/05/05 17:20:58 [notice] 1#1: start worker process 30
2026/05/05 17:20:58 [notice] 1#1: start worker process 31
2026/05/05 17:20:58 [notice] 1#1: start worker process 32
2026/05/05 17:20:58 [notice] 1#1: start worker process 33
2026/05/05 17:20:58 [notice] 1#1: start worker process 34
2026/05/05 17:20:58 [notice] 1#1: start worker process 35
2026/05/05 17:20:58 [notice] 1#1: start worker process 36
2026/05/05 17:20:58 [notice] 1#1: start worker process 37
2026/05/05 17:20:58 [notice] 1#1: start worker process 38
2026/05/05 17:20:58 [notice] 1#1: start worker process 39
2026/05/05 17:20:58 [notice] 1#1: start worker process 40
2026/05/17 00:03:15 [notice] 1#1: using the "epoll" event method
2026/05/17 00:03:15 [notice] 1#1: nginx/1.28.2
2026/05/17 00:03:15 [notice] 1#1: built by gcc 14.2.0 (Debian 14.2.0-19) 
2026/05/17 00:03:15 [notice] 1#1: OS: Linux 6.6.87.2-microsoft-standard-WSL2
2026/05/17 00:03:15 [notice] 1#1: getrlimit(RLIMIT_NOFILE): 1048576:1048576
2026/05/17 00:03:15 [notice] 1#1: start worker processes
2026/05/17 00:03:15 [notice] 1#1: start worker process 21
2026/05/17 00:03:15 [notice] 1#1: start worker process 22
2026/05/17 00:03:15 [notice] 1#1: start worker process 23
2026/05/17 00:03:15 [notice] 1#1: start worker process 24
2026/05/17 00:03:15 [notice] 1#1: start worker process 25
2026/05/17 00:03:15 [notice] 1#1: start worker process 26
2026/05/17 00:03:15 [notice] 1#1: start worker process 27
2026/05/17 00:03:15 [notice] 1#1: start worker process 28
2026/05/17 00:03:15 [notice] 1#1: start worker process 29
2026/05/17 00:03:15 [notice] 1#1: start worker process 30
2026/05/17 00:03:15 [notice] 1#1: start worker process 31
2026/05/17 00:03:15 [notice] 1#1: start worker process 32
2026/05/17 00:03:15 [notice] 1#1: start worker process 33
2026/05/17 00:03:15 [notice] 1#1: start worker process 34
2026/05/17 00:03:15 [notice] 1#1: start worker process 35
2026/05/17 00:03:15 [notice] 1#1: start worker process 36
2026/05/17 00:03:15 [notice] 1#1: start worker process 37
2026/05/17 00:03:15 [notice] 1#1: start worker process 38
2026/05/17 00:03:15 [notice] 1#1: start worker process 39
2026/05/17 00:03:15 [notice] 1#1: start worker process 40
2026/05/17 00:11:08 [notice] 1#1: signal 3 (SIGQUIT) received, shutting down
2026/05/17 00:11:08 [notice] 24#24: gracefully shutting down
2026/05/17 00:11:08 [notice] 27#27: gracefully shutting down
2026/05/17 00:11:08 [notice] 21#21: gracefully shutting down
2026/05/17 00:11:08 [notice] 25#25: gracefully shutting down
2026/05/17 00:11:08 [notice] 22#22: gracefully shutting down
2026/05/17 00:11:08 [notice] 23#23: gracefully shutting down
2026/05/17 00:11:08 [notice] 28#28: gracefully shutting down
2026/05/17 00:11:08 [notice] 29#29: gracefully shutting down
2026/05/17 00:11:08 [notice] 30#30: gracefully shutting down
2026/05/17 00:11:08 [notice] 26#26: gracefully shutting down
2026/05/17 00:11:08 [notice] 26#26: exiting
2026/05/17 00:11:08 [notice] 32#32: gracefully shutting down
2026/05/17 00:11:08 [notice] 31#31: gracefully shutting down
2026/05/17 00:11:08 [notice] 33#33: gracefully shutting down
2026/05/17 00:11:08 [notice] 34#34: gracefully shutting down
2026/05/17 00:11:08 [notice] 35#35: gracefully shutting down
2026/05/17 00:11:08 [notice] 39#39: gracefully shutting down
2026/05/17 00:11:08 [notice] 38#38: gracefully shutting down
2026/05/17 00:11:08 [notice] 37#37: gracefully shutting down
2026/05/17 00:11:08 [notice] 36#36: gracefully shutting down
2026/05/17 00:11:08 [notice] 40#40: gracefully shutting down
2026/05/17 00:11:08 [notice] 24#24: exiting
2026/05/17 00:11:08 [notice] 27#27: exiting
2026/05/17 00:11:08 [notice] 21#21: exiting
2026/05/17 00:11:08 [notice] 25#25: exiting
2026/05/17 00:11:08 [notice] 22#22: exiting
2026/05/17 00:11:08 [notice] 23#23: exiting
2026/05/17 00:11:08 [notice] 28#28: exiting
2026/05/17 00:11:08 [notice] 29#29: exiting
2026/05/17 00:11:08 [notice] 30#30: exiting
2026/05/17 00:11:08 [notice] 26#26: exit
2026/05/17 00:11:08 [notice] 32#32: exiting
2026/05/17 00:11:08 [notice] 31#31: exiting
2026/05/17 00:11:08 [notice] 33#33: exiting
2026/05/17 00:11:08 [notice] 34#34: exiting
2026/05/17 00:11:08 [notice] 35#35: exiting
2026/05/17 00:11:08 [notice] 39#39: exiting
2026/05/17 00:11:08 [notice] 38#38: exiting
2026/05/17 00:11:08 [notice] 37#37: exiting
2026/05/17 00:11:08 [notice] 36#36: exiting
2026/05/17 00:11:08 [notice] 40#40: exiting
2026/05/17 00:11:08 [notice] 24#24: exit
2026/05/17 00:11:08 [notice] 27#27: exit
2026/05/17 00:11:08 [notice] 21#21: exit
2026/05/17 00:11:08 [notice] 25#25: exit
2026/05/17 00:11:08 [notice] 22#22: exit
2026/05/17 00:11:08 [notice] 23#23: exit
2026/05/17 00:11:08 [notice] 28#28: exit
2026/05/17 00:11:08 [notice] 29#29: exit
2026/05/17 00:11:08 [notice] 30#30: exit
2026/05/17 00:11:08 [notice] 32#32: exit
2026/05/17 00:11:08 [notice] 31#31: exit
2026/05/17 00:11:08 [notice] 33#33: exit
2026/05/17 00:11:08 [notice] 34#34: exit
2026/05/17 00:11:08 [notice] 35#35: exit
2026/05/17 00:11:08 [notice] 39#39: exit
2026/05/17 00:11:08 [notice] 38#38: exit
2026/05/17 00:11:08 [notice] 37#37: exit
2026/05/17 00:11:08 [notice] 36#36: exit
2026/05/17 00:11:08 [notice] 40#40: exit
2026/05/17 00:11:09 [notice] 1#1: signal 17 (SIGCHLD) received from 32
2026/05/17 00:11:09 [notice] 1#1: worker process 25 exited with code 0
2026/05/17 00:11:09 [notice] 1#1: worker process 27 exited with code 0
2026/05/17 00:11:09 [notice] 1#1: worker process 30 exited with code 0
2026/05/17 00:11:09 [notice] 1#1: worker process 32 exited with code 0
2026/05/17 00:11:09 [notice] 1#1: worker process 33 exited with code 0
2026/05/17 00:11:09 [notice] 1#1: worker process 34 exited with code 0
2026/05/17 00:11:09 [notice] 1#1: worker process 40 exited with code 0
2026/05/17 00:11:09 [notice] 1#1: signal 29 (SIGIO) received
2026/05/17 00:11:09 [notice] 1#1: signal 17 (SIGCHLD) received from 30
2026/05/17 00:11:09 [notice] 1#1: signal 17 (SIGCHLD) received from 23
2026/05/17 00:11:09 [notice] 1#1: worker process 21 exited with code 0
2026/05/17 00:11:09 [notice] 1#1: worker process 22 exited with code 0
2026/05/17 00:11:09 [notice] 1#1: worker process 23 exited with code 0
2026/05/17 00:11:09 [notice] 1#1: worker process 24 exited with code 0
2026/05/17 00:11:09 [notice] 1#1: worker process 26 exited with code 0
2026/05/17 00:11:09 [notice] 1#1: worker process 31 exited with code 0
2026/05/17 00:11:09 [notice] 1#1: worker process 35 exited with code 0
2026/05/17 00:11:09 [notice] 1#1: worker process 36 exited with code 0
2026/05/17 00:11:09 [notice] 1#1: worker process 37 exited with code 0
2026/05/17 00:11:09 [notice] 1#1: worker process 28 exited with code 0
2026/05/17 00:11:09 [notice] 1#1: worker process 38 exited with code 0
2026/05/17 00:11:09 [notice] 1#1: worker process 39 exited with code 0
2026/05/17 00:11:09 [notice] 1#1: signal 29 (SIGIO) received
2026/05/17 00:11:09 [notice] 1#1: signal 17 (SIGCHLD) received from 31
2026/05/17 00:11:09 [notice] 1#1: signal 17 (SIGCHLD) received from 29
2026/05/17 00:11:09 [notice] 1#1: worker process 29 exited with code 0
2026/05/17 00:11:09 [notice] 1#1: exit
2026/05/17 00:11:10 [notice] 1#1: using the "epoll" event method
2026/05/17 00:11:10 [notice] 1#1: nginx/1.28.2
2026/05/17 00:11:10 [notice] 1#1: built by gcc 14.2.0 (Debian 14.2.0-19) 
2026/05/17 00:11:10 [notice] 1#1: OS: Linux 6.6.87.2-microsoft-standard-WSL2
2026/05/17 00:11:10 [notice] 1#1: getrlimit(RLIMIT_NOFILE): 1048576:1048576
2026/05/17 00:11:10 [notice] 1#1: start worker processes
2026/05/17 00:11:10 [notice] 1#1: start worker process 21
2026/05/17 00:11:10 [notice] 1#1: start worker process 22
2026/05/17 00:11:10 [notice] 1#1: start worker process 23
2026/05/17 00:11:10 [notice] 1#1: start worker process 24
2026/05/17 00:11:10 [notice] 1#1: start worker process 25
2026/05/17 00:11:10 [notice] 1#1: start worker process 26
2026/05/17 00:11:10 [notice] 1#1: start worker process 27
2026/05/17 00:11:10 [notice] 1#1: start worker process 28
2026/05/17 00:11:10 [notice] 1#1: start worker process 29
2026/05/17 00:11:10 [notice] 1#1: start worker process 30
2026/05/17 00:11:10 [notice] 1#1: start worker process 31
2026/05/17 00:11:10 [notice] 1#1: start worker process 32
2026/05/17 00:11:10 [notice] 1#1: start worker process 33
2026/05/17 00:11:10 [notice] 1#1: start worker process 34
2026/05/17 00:11:10 [notice] 1#1: start worker process 35
2026/05/17 00:11:10 [notice] 1#1: start worker process 36
2026/05/17 00:11:10 [notice] 1#1: start worker process 37
2026/05/17 00:11:10 [notice] 1#1: start worker process 38
2026/05/17 00:11:10 [notice] 1#1: start worker process 39
2026/05/17 00:11:10 [notice] 1#1: start worker process 40
2026/05/17 01:24:01 [notice] 1#1: signal 3 (SIGQUIT) received, shutting down
2026/05/17 01:24:01 [notice] 21#21: gracefully shutting down
2026/05/17 01:24:01 [notice] 22#22: gracefully shutting down
2026/05/17 01:24:01 [notice] 23#23: gracefully shutting down
2026/05/17 01:24:01 [notice] 24#24: gracefully shutting down
2026/05/17 01:24:01 [notice] 26#26: gracefully shutting down
2026/05/17 01:24:01 [notice] 28#28: gracefully shutting down
2026/05/17 01:24:01 [notice] 29#29: gracefully shutting down
2026/05/17 01:24:01 [notice] 32#32: gracefully shutting down
2026/05/17 01:24:01 [notice] 33#33: gracefully shutting down
2026/05/17 01:24:01 [notice] 31#31: gracefully shutting down
2026/05/17 01:24:01 [notice] 27#27: gracefully shutting down
2026/05/17 01:24:01 [notice] 30#30: gracefully shutting down
2026/05/17 01:24:01 [notice] 34#34: gracefully shutting down
2026/05/17 01:24:01 [notice] 35#35: gracefully shutting down
2026/05/17 01:24:01 [notice] 36#36: gracefully shutting down
2026/05/17 01:24:01 [notice] 38#38: gracefully shutting down
2026/05/17 01:24:01 [notice] 40#40: gracefully shutting down
2026/05/17 01:24:01 [notice] 37#37: gracefully shutting down
2026/05/17 01:24:01 [notice] 25#25: gracefully shutting down
2026/05/17 01:24:01 [notice] 39#39: gracefully shutting down
2026/05/17 01:24:01 [notice] 21#21: exiting
2026/05/17 01:24:01 [notice] 22#22: exiting
2026/05/17 01:24:01 [notice] 23#23: exiting
2026/05/17 01:24:01 [notice] 24#24: exiting
2026/05/17 01:24:01 [notice] 26#26: exiting
2026/05/17 01:24:01 [notice] 28#28: exiting
2026/05/17 01:24:01 [notice] 29#29: exiting
2026/05/17 01:24:01 [notice] 32#32: exiting
2026/05/17 01:24:01 [notice] 33#33: exiting
2026/05/17 01:24:01 [notice] 31#31: exiting
2026/05/17 01:24:01 [notice] 27#27: exiting
2026/05/17 01:24:01 [notice] 30#30: exiting
2026/05/17 01:24:01 [notice] 34#34: exiting
2026/05/17 01:24:01 [notice] 35#35: exiting
2026/05/17 01:24:01 [notice] 36#36: exiting
2026/05/17 01:24:01 [notice] 38#38: exiting
2026/05/17 01:24:01 [notice] 40#40: exiting
2026/05/17 01:24:01 [notice] 37#37: exiting
2026/05/17 01:24:01 [notice] 25#25: exiting
2026/05/17 01:24:01 [notice] 39#39: exiting
2026/05/17 01:24:01 [notice] 21#21: exit
2026/05/17 01:24:01 [notice] 22#22: exit
2026/05/17 01:24:01 [notice] 23#23: exit
2026/05/17 01:24:01 [notice] 24#24: exit
2026/05/17 01:24:01 [notice] 26#26: exit
2026/05/17 01:24:01 [notice] 28#28: exit
2026/05/17 01:24:01 [notice] 29#29: exit
2026/05/17 01:24:01 [notice] 32#32: exit
2026/05/17 01:24:01 [notice] 33#33: exit
2026/05/17 01:24:01 [notice] 31#31: exit
2026/05/17 01:24:01 [notice] 27#27: exit
2026/05/17 01:24:01 [notice] 30#30: exit
2026/05/17 01:24:01 [notice] 34#34: exit
2026/05/17 01:24:01 [notice] 35#35: exit
2026/05/17 01:24:01 [notice] 36#36: exit
2026/05/17 01:24:01 [notice] 38#38: exit
2026/05/17 01:24:01 [notice] 40#40: exit
2026/05/17 01:24:01 [notice] 37#37: exit
2026/05/17 01:24:01 [notice] 25#25: exit
2026/05/17 01:24:01 [notice] 39#39: exit
2026/05/17 01:24:01 [notice] 1#1: signal 17 (SIGCHLD) received from 32
2026/05/17 01:24:01 [notice] 1#1: worker process 21 exited with code 0
2026/05/17 01:24:01 [notice] 1#1: worker process 27 exited with code 0
2026/05/17 01:24:01 [notice] 1#1: worker process 28 exited with code 0
2026/05/17 01:24:01 [notice] 1#1: worker process 32 exited with code 0
2026/05/17 01:24:01 [notice] 1#1: worker process 36 exited with code 0
2026/05/17 01:24:01 [notice] 1#1: worker process 38 exited with code 0
2026/05/17 01:24:01 [notice] 1#1: worker process 40 exited with code 0
2026/05/17 01:24:01 [notice] 1#1: signal 29 (SIGIO) received
2026/05/17 01:24:01 [notice] 1#1: signal 17 (SIGCHLD) received from 39
2026/05/17 01:24:01 [notice] 1#1: worker process 22 exited with code 0
2026/05/17 01:24:01 [notice] 1#1: worker process 25 exited with code 0
2026/05/17 01:24:01 [notice] 1#1: worker process 26 exited with code 0
2026/05/17 01:24:01 [notice] 1#1: worker process 29 exited with code 0
2026/05/17 01:24:01 [notice] 1#1: worker process 30 exited with code 0
2026/05/17 01:24:01 [notice] 1#1: worker process 31 exited with code 0
2026/05/17 01:24:01 [notice] 1#1: worker process 33 exited with code 0
2026/05/17 01:24:01 [notice] 1#1: worker process 37 exited with code 0
2026/05/17 01:24:01 [notice] 1#1: worker process 39 exited with code 0
2026/05/17 01:24:01 [notice] 1#1: signal 29 (SIGIO) received
2026/05/17 01:24:01 [notice] 1#1: signal 17 (SIGCHLD) received from 30
2026/05/17 01:24:01 [notice] 1#1: signal 17 (SIGCHLD) received from 34
2026/05/17 01:24:01 [notice] 1#1: worker process 23 exited with code 0
2026/05/17 01:24:01 [notice] 1#1: worker process 24 exited with code 0
2026/05/17 01:24:01 [notice] 1#1: worker process 34 exited with code 0
2026/05/17 01:24:01 [notice] 1#1: worker process 35 exited with code 0
2026/05/17 01:24:01 [notice] 1#1: exit
2026/05/17 01:24:02 [notice] 1#1: using the "epoll" event method
2026/05/17 01:24:02 [notice] 1#1: nginx/1.28.2
2026/05/17 01:24:02 [notice] 1#1: built by gcc 14.2.0 (Debian 14.2.0-19) 
2026/05/17 01:24:02 [notice] 1#1: OS: Linux 6.6.87.2-microsoft-standard-WSL2
2026/05/17 01:24:02 [notice] 1#1: getrlimit(RLIMIT_NOFILE): 1048576:1048576
2026/05/17 01:24:02 [notice] 1#1: start worker processes
2026/05/17 01:24:02 [notice] 1#1: start worker process 21
2026/05/17 01:24:02 [notice] 1#1: start worker process 22
2026/05/17 01:24:02 [notice] 1#1: start worker process 23
2026/05/17 01:24:02 [notice] 1#1: start worker process 24
2026/05/17 01:24:02 [notice] 1#1: start worker process 25
2026/05/17 01:24:02 [notice] 1#1: start worker process 26
2026/05/17 01:24:02 [notice] 1#1: start worker process 27
2026/05/17 01:24:02 [notice] 1#1: start worker process 28
2026/05/17 01:24:02 [notice] 1#1: start worker process 29
2026/05/17 01:24:02 [notice] 1#1: start worker process 30
2026/05/17 01:24:02 [notice] 1#1: start worker process 31
2026/05/17 01:24:02 [notice] 1#1: start worker process 32
2026/05/17 01:24:02 [notice] 1#1: start worker process 33
2026/05/17 01:24:02 [notice] 1#1: start worker process 34
2026/05/17 01:24:02 [notice] 1#1: start worker process 35
2026/05/17 01:24:02 [notice] 1#1: start worker process 36
2026/05/17 01:24:02 [notice] 1#1: start worker process 37
2026/05/17 01:24:02 [notice] 1#1: start worker process 38
2026/05/17 01:24:02 [notice] 1#1: start worker process 39
2026/05/17 01:24:02 [notice] 1#1: start worker process 40
2026/05/17 01:27:40 [notice] 1#1: signal 3 (SIGQUIT) received, shutting down
2026/05/17 01:27:40 [notice] 21#21: gracefully shutting down
2026/05/17 01:27:40 [notice] 21#21: exiting
2026/05/17 01:27:40 [notice] 22#22: gracefully shutting down
2026/05/17 01:27:40 [notice] 23#23: gracefully shutting down
2026/05/17 01:27:40 [notice] 24#24: gracefully shutting down
2026/05/17 01:27:40 [notice] 25#25: gracefully shutting down
2026/05/17 01:27:40 [notice] 26#26: gracefully shutting down
2026/05/17 01:27:40 [notice] 27#27: gracefully shutting down
2026/05/17 01:27:40 [notice] 28#28: gracefully shutting down
2026/05/17 01:27:40 [notice] 29#29: gracefully shutting down
2026/05/17 01:27:40 [notice] 31#31: gracefully shutting down
2026/05/17 01:27:40 [notice] 32#32: gracefully shutting down
2026/05/17 01:27:40 [notice] 33#33: gracefully shutting down
2026/05/17 01:27:40 [notice] 36#36: gracefully shutting down
2026/05/17 01:27:40 [notice] 35#35: gracefully shutting down
2026/05/17 01:27:40 [notice] 37#37: gracefully shutting down
2026/05/17 01:27:40 [notice] 38#38: gracefully shutting down
2026/05/17 01:27:40 [notice] 39#39: gracefully shutting down
2026/05/17 01:27:40 [notice] 34#34: gracefully shutting down
2026/05/17 01:27:40 [notice] 40#40: gracefully shutting down
2026/05/17 01:27:40 [notice] 30#30: gracefully shutting down
2026/05/17 01:27:40 [notice] 21#21: exit
2026/05/17 01:27:40 [notice] 22#22: exiting
2026/05/17 01:27:40 [notice] 23#23: exiting
2026/05/17 01:27:40 [notice] 24#24: exiting
2026/05/17 01:27:40 [notice] 25#25: exiting
2026/05/17 01:27:40 [notice] 26#26: exiting
2026/05/17 01:27:40 [notice] 27#27: exiting
2026/05/17 01:27:40 [notice] 28#28: exiting
2026/05/17 01:27:40 [notice] 29#29: exiting
2026/05/17 01:27:40 [notice] 31#31: exiting
2026/05/17 01:27:40 [notice] 32#32: exiting
2026/05/17 01:27:40 [notice] 33#33: exiting
2026/05/17 01:27:40 [notice] 36#36: exiting
2026/05/17 01:27:40 [notice] 35#35: exiting
2026/05/17 01:27:40 [notice] 37#37: exiting
2026/05/17 01:27:40 [notice] 38#38: exiting
2026/05/17 01:27:40 [notice] 39#39: exiting
2026/05/17 01:27:40 [notice] 34#34: exiting
2026/05/17 01:27:40 [notice] 40#40: exiting
2026/05/17 01:27:40 [notice] 30#30: exiting
2026/05/17 01:27:40 [notice] 22#22: exit
2026/05/17 01:27:40 [notice] 23#23: exit
2026/05/17 01:27:40 [notice] 24#24: exit
2026/05/17 01:27:40 [notice] 25#25: exit
2026/05/17 01:27:40 [notice] 26#26: exit
2026/05/17 01:27:40 [notice] 27#27: exit
2026/05/17 01:27:40 [notice] 28#28: exit
2026/05/17 01:27:40 [notice] 29#29: exit
2026/05/17 01:27:40 [notice] 31#31: exit
2026/05/17 01:27:40 [notice] 32#32: exit
2026/05/17 01:27:40 [notice] 33#33: exit
2026/05/17 01:27:40 [notice] 36#36: exit
2026/05/17 01:27:40 [notice] 35#35: exit
2026/05/17 01:27:40 [notice] 37#37: exit
2026/05/17 01:27:40 [notice] 38#38: exit
2026/05/17 01:27:40 [notice] 39#39: exit
2026/05/17 01:27:40 [notice] 34#34: exit
2026/05/17 01:27:40 [notice] 40#40: exit
2026/05/17 01:27:40 [notice] 30#30: exit
2026/05/17 01:27:40 [notice] 1#1: signal 17 (SIGCHLD) received from 21
2026/05/17 01:27:40 [notice] 1#1: worker process 21 exited with code 0
2026/05/17 01:27:40 [notice] 1#1: signal 29 (SIGIO) received
2026/05/17 01:27:40 [notice] 1#1: signal 17 (SIGCHLD) received from 25
2026/05/17 01:27:40 [notice] 1#1: worker process 25 exited with code 0
2026/05/17 01:27:40 [notice] 1#1: signal 29 (SIGIO) received
2026/05/17 01:27:40 [notice] 1#1: signal 17 (SIGCHLD) received from 38
2026/05/17 01:27:40 [notice] 1#1: worker process 22 exited with code 0
2026/05/17 01:27:40 [notice] 1#1: worker process 23 exited with code 0
2026/05/17 01:27:40 [notice] 1#1: worker process 24 exited with code 0
2026/05/17 01:27:40 [notice] 1#1: worker process 28 exited with code 0
2026/05/17 01:27:40 [notice] 1#1: worker process 29 exited with code 0
2026/05/17 01:27:40 [notice] 1#1: worker process 30 exited with code 0
2026/05/17 01:27:40 [notice] 1#1: worker process 31 exited with code 0
2026/05/17 01:27:40 [notice] 1#1: worker process 33 exited with code 0
2026/05/17 01:27:40 [notice] 1#1: worker process 35 exited with code 0
2026/05/17 01:27:40 [notice] 1#1: worker process 36 exited with code 0
2026/05/17 01:27:40 [notice] 1#1: worker process 38 exited with code 0
2026/05/17 01:27:40 [notice] 1#1: worker process 39 exited with code 0
2026/05/17 01:27:40 [notice] 1#1: worker process 40 exited with code 0
2026/05/17 01:27:40 [notice] 1#1: signal 29 (SIGIO) received
2026/05/17 01:27:40 [notice] 1#1: signal 17 (SIGCHLD) received from 33
2026/05/17 01:27:40 [notice] 1#1: signal 17 (SIGCHLD) received from 26
2026/05/17 01:27:40 [notice] 1#1: worker process 26 exited with code 0
2026/05/17 01:27:40 [notice] 1#1: worker process 32 exited with code 0
2026/05/17 01:27:40 [notice] 1#1: worker process 37 exited with code 0
2026/05/17 01:27:40 [notice] 1#1: signal 29 (SIGIO) received
2026/05/17 01:27:40 [notice] 1#1: signal 17 (SIGCHLD) received from 37
2026/05/17 01:27:40 [notice] 1#1: worker process 27 exited with code 0
2026/05/17 01:27:40 [notice] 1#1: worker process 34 exited with code 0
2026/05/17 01:27:40 [notice] 1#1: exit
2026/05/17 01:27:41 [notice] 1#1: using the "epoll" event method
2026/05/17 01:27:41 [notice] 1#1: nginx/1.28.2
2026/05/17 01:27:41 [notice] 1#1: built by gcc 14.2.0 (Debian 14.2.0-19) 
2026/05/17 01:27:41 [notice] 1#1: OS: Linux 6.6.87.2-microsoft-standard-WSL2
2026/05/17 01:27:41 [notice] 1#1: getrlimit(RLIMIT_NOFILE): 1048576:1048576
2026/05/17 01:27:41 [notice] 1#1: start worker processes
2026/05/17 01:27:41 [notice] 1#1: start worker process 21
2026/05/17 01:27:41 [notice] 1#1: start worker process 22
2026/05/17 01:27:41 [notice] 1#1: start worker process 23
2026/05/17 01:27:41 [notice] 1#1: start worker process 24
2026/05/17 01:27:41 [notice] 1#1: start worker process 25
2026/05/17 01:27:41 [notice] 1#1: start worker process 26
2026/05/17 01:27:41 [notice] 1#1: start worker process 27
2026/05/17 01:27:41 [notice] 1#1: start worker process 28
2026/05/17 01:27:41 [notice] 1#1: start worker process 29
2026/05/17 01:27:41 [notice] 1#1: start worker process 30
2026/05/17 01:27:41 [notice] 1#1: start worker process 31
2026/05/17 01:27:41 [notice] 1#1: start worker process 32
2026/05/17 01:27:41 [notice] 1#1: start worker process 33
2026/05/17 01:27:41 [notice] 1#1: start worker process 34
2026/05/17 01:27:41 [notice] 1#1: start worker process 35
2026/05/17 01:27:41 [notice] 1#1: start worker process 36
2026/05/17 01:27:41 [notice] 1#1: start worker process 37
2026/05/17 01:27:41 [notice] 1#1: start worker process 38
2026/05/17 01:27:41 [notice] 1#1: start worker process 39
2026/05/17 01:27:41 [notice] 1#1: start worker process 40
2026/05/17 01:33:17 [notice] 1#1: signal 3 (SIGQUIT) received, shutting down
2026/05/17 01:33:17 [notice] 21#21: gracefully shutting down
2026/05/17 01:33:17 [notice] 22#22: gracefully shutting down
2026/05/17 01:33:17 [notice] 23#23: gracefully shutting down
2026/05/17 01:33:17 [notice] 24#24: gracefully shutting down
2026/05/17 01:33:17 [notice] 25#25: gracefully shutting down
2026/05/17 01:33:17 [notice] 26#26: gracefully shutting down
2026/05/17 01:33:17 [notice] 29#29: gracefully shutting down
2026/05/17 01:33:17 [notice] 30#30: gracefully shutting down
2026/05/17 01:33:17 [notice] 28#28: gracefully shutting down
2026/05/17 01:33:17 [notice] 31#31: gracefully shutting down
2026/05/17 01:33:17 [notice] 32#32: gracefully shutting down
2026/05/17 01:33:17 [notice] 33#33: gracefully shutting down
2026/05/17 01:33:17 [notice] 27#27: gracefully shutting down
2026/05/17 01:33:17 [notice] 34#34: gracefully shutting down
2026/05/17 01:33:17 [notice] 35#35: gracefully shutting down
2026/05/17 01:33:17 [notice] 36#36: gracefully shutting down
2026/05/17 01:33:17 [notice] 37#37: gracefully shutting down
2026/05/17 01:33:17 [notice] 38#38: gracefully shutting down
2026/05/17 01:33:17 [notice] 39#39: gracefully shutting down
2026/05/17 01:33:17 [notice] 40#40: gracefully shutting down
2026/05/17 01:33:17 [notice] 21#21: exiting
2026/05/17 01:33:17 [notice] 22#22: exiting
2026/05/17 01:33:17 [notice] 23#23: exiting
2026/05/17 01:33:17 [notice] 24#24: exiting
2026/05/17 01:33:17 [notice] 25#25: exiting
2026/05/17 01:33:17 [notice] 26#26: exiting
2026/05/17 01:33:17 [notice] 29#29: exiting
2026/05/17 01:33:17 [notice] 30#30: exiting
2026/05/17 01:33:17 [notice] 28#28: exiting
2026/05/17 01:33:17 [notice] 31#31: exiting
2026/05/17 01:33:17 [notice] 32#32: exiting
2026/05/17 01:33:17 [notice] 33#33: exiting
2026/05/17 01:33:17 [notice] 27#27: exiting
2026/05/17 01:33:17 [notice] 34#34: exiting
2026/05/17 01:33:17 [notice] 35#35: exiting
2026/05/17 01:33:17 [notice] 36#36: exiting
2026/05/17 01:33:17 [notice] 37#37: exiting
2026/05/17 01:33:17 [notice] 38#38: exiting
2026/05/17 01:33:17 [notice] 39#39: exiting
2026/05/17 01:33:17 [notice] 40#40: exiting
2026/05/17 01:33:17 [notice] 21#21: exit
2026/05/17 01:33:17 [notice] 22#22: exit
2026/05/17 01:33:17 [notice] 23#23: exit
2026/05/17 01:33:17 [notice] 24#24: exit
2026/05/17 01:33:17 [notice] 25#25: exit
2026/05/17 01:33:17 [notice] 26#26: exit
2026/05/17 01:33:17 [notice] 29#29: exit
2026/05/17 01:33:17 [notice] 30#30: exit
2026/05/17 01:33:17 [notice] 28#28: exit
2026/05/17 01:33:17 [notice] 31#31: exit
2026/05/17 01:33:17 [notice] 32#32: exit
2026/05/17 01:33:17 [notice] 33#33: exit
2026/05/17 01:33:17 [notice] 27#27: exit
2026/05/17 01:33:17 [notice] 34#34: exit
2026/05/17 01:33:17 [notice] 35#35: exit
2026/05/17 01:33:17 [notice] 36#36: exit
2026/05/17 01:33:17 [notice] 37#37: exit
2026/05/17 01:33:17 [notice] 38#38: exit
2026/05/17 01:33:17 [notice] 39#39: exit
2026/05/17 01:33:17 [notice] 40#40: exit
2026/05/17 01:33:17 [notice] 1#1: signal 17 (SIGCHLD) received from 21
2026/05/17 01:33:17 [notice] 1#1: worker process 21 exited with code 0
2026/05/17 01:33:17 [notice] 1#1: signal 29 (SIGIO) received
2026/05/17 01:33:17 [notice] 1#1: signal 17 (SIGCHLD) received from 35
2026/05/17 01:33:17 [notice] 1#1: worker process 24 exited with code 0
2026/05/17 01:33:17 [notice] 1#1: worker process 27 exited with code 0
2026/05/17 01:33:17 [notice] 1#1: worker process 29 exited with code 0
2026/05/17 01:33:17 [notice] 1#1: worker process 35 exited with code 0
2026/05/17 01:33:17 [notice] 1#1: worker process 40 exited with code 0
2026/05/17 01:33:17 [notice] 1#1: signal 29 (SIGIO) received
2026/05/17 01:33:17 [notice] 1#1: signal 17 (SIGCHLD) received from 24
2026/05/17 01:33:17 [notice] 1#1: signal 17 (SIGCHLD) received from 31
2026/05/17 01:33:17 [notice] 1#1: worker process 23 exited with code 0
2026/05/17 01:33:17 [notice] 1#1: worker process 25 exited with code 0
2026/05/17 01:33:17 [notice] 1#1: worker process 26 exited with code 0
2026/05/17 01:33:17 [notice] 1#1: worker process 28 exited with code 0
2026/05/17 01:33:17 [notice] 1#1: worker process 30 exited with code 0
2026/05/17 01:33:17 [notice] 1#1: worker process 31 exited with code 0
2026/05/17 01:33:17 [notice] 1#1: worker process 33 exited with code 0
2026/05/17 01:33:17 [notice] 1#1: worker process 36 exited with code 0
2026/05/17 01:33:17 [notice] 1#1: worker process 38 exited with code 0
2026/05/17 01:33:17 [notice] 1#1: worker process 39 exited with code 0
2026/05/17 01:33:17 [notice] 1#1: signal 29 (SIGIO) received
2026/05/17 01:33:17 [notice] 1#1: signal 17 (SIGCHLD) received from 33
2026/05/17 01:33:17 [notice] 1#1: worker process 22 exited with code 0
2026/05/17 01:33:17 [notice] 1#1: worker process 34 exited with code 0
2026/05/17 01:33:17 [notice] 1#1: signal 29 (SIGIO) received
2026/05/17 01:33:17 [notice] 1#1: signal 17 (SIGCHLD) received from 22
2026/05/17 01:33:17 [notice] 1#1: signal 17 (SIGCHLD) received from 37
2026/05/17 01:33:17 [notice] 1#1: worker process 32 exited with code 0
2026/05/17 01:33:17 [notice] 1#1: worker process 37 exited with code 0
2026/05/17 01:33:17 [notice] 1#1: exit
2026/05/17 01:33:19 [notice] 1#1: using the "epoll" event method
2026/05/17 01:33:19 [notice] 1#1: nginx/1.28.2
2026/05/17 01:33:19 [notice] 1#1: built by gcc 14.2.0 (Debian 14.2.0-19) 
2026/05/17 01:33:19 [notice] 1#1: OS: Linux 6.6.87.2-microsoft-standard-WSL2
2026/05/17 01:33:19 [notice] 1#1: getrlimit(RLIMIT_NOFILE): 1048576:1048576
2026/05/17 01:33:19 [notice] 1#1: start worker processes
2026/05/17 01:33:19 [notice] 1#1: start worker process 21
2026/05/17 01:33:19 [notice] 1#1: start worker process 22
2026/05/17 01:33:19 [notice] 1#1: start worker process 23
2026/05/17 01:33:19 [notice] 1#1: start worker process 24
2026/05/17 01:33:19 [notice] 1#1: start worker process 25
2026/05/17 01:33:19 [notice] 1#1: start worker process 26
2026/05/17 01:33:19 [notice] 1#1: start worker process 27
2026/05/17 01:33:19 [notice] 1#1: start worker process 28
2026/05/17 01:33:19 [notice] 1#1: start worker process 29
2026/05/17 01:33:19 [notice] 1#1: start worker process 30
2026/05/17 01:33:19 [notice] 1#1: start worker process 31
2026/05/17 01:33:19 [notice] 1#1: start worker process 32
2026/05/17 01:33:19 [notice] 1#1: start worker process 33
2026/05/17 01:33:19 [notice] 1#1: start worker process 34
2026/05/17 01:33:19 [notice] 1#1: start worker process 35
2026/05/17 01:33:19 [notice] 1#1: start worker process 36
2026/05/17 01:33:19 [notice] 1#1: start worker process 37
2026/05/17 01:33:19 [notice] 1#1: start worker process 38
2026/05/17 01:33:19 [notice] 1#1: start worker process 39
2026/05/17 01:33:19 [notice] 1#1: start worker process 40
2026/05/17 01:36:11 [notice] 1#1: signal 3 (SIGQUIT) received, shutting down
2026/05/17 01:36:11 [notice] 21#21: gracefully shutting down
2026/05/17 01:36:11 [notice] 23#23: gracefully shutting down
2026/05/17 01:36:11 [notice] 22#22: gracefully shutting down
2026/05/17 01:36:11 [notice] 24#24: gracefully shutting down
2026/05/17 01:36:11 [notice] 25#25: gracefully shutting down
2026/05/17 01:36:11 [notice] 26#26: gracefully shutting down
2026/05/17 01:36:11 [notice] 27#27: gracefully shutting down
2026/05/17 01:36:11 [notice] 27#27: exiting
2026/05/17 01:36:11 [notice] 28#28: gracefully shutting down
2026/05/17 01:36:11 [notice] 29#29: gracefully shutting down
2026/05/17 01:36:11 [notice] 30#30: gracefully shutting down
2026/05/17 01:36:11 [notice] 31#31: gracefully shutting down
2026/05/17 01:36:11 [notice] 32#32: gracefully shutting down
2026/05/17 01:36:11 [notice] 33#33: gracefully shutting down
2026/05/17 01:36:11 [notice] 34#34: gracefully shutting down
2026/05/17 01:36:11 [notice] 36#36: gracefully shutting down
2026/05/17 01:36:11 [notice] 35#35: gracefully shutting down
2026/05/17 01:36:11 [notice] 37#37: gracefully shutting down
2026/05/17 01:36:11 [notice] 38#38: gracefully shutting down
2026/05/17 01:36:11 [notice] 39#39: gracefully shutting down
2026/05/17 01:36:11 [notice] 40#40: gracefully shutting down
2026/05/17 01:36:11 [notice] 21#21: exiting
2026/05/17 01:36:11 [notice] 23#23: exiting
2026/05/17 01:36:11 [notice] 22#22: exiting
2026/05/17 01:36:11 [notice] 24#24: exiting
2026/05/17 01:36:11 [notice] 25#25: exiting
2026/05/17 01:36:11 [notice] 26#26: exiting
2026/05/17 01:36:11 [notice] 27#27: exit
2026/05/17 01:36:11 [notice] 28#28: exiting
2026/05/17 01:36:11 [notice] 29#29: exiting
2026/05/17 01:36:11 [notice] 30#30: exiting
2026/05/17 01:36:11 [notice] 31#31: exiting
2026/05/17 01:36:11 [notice] 32#32: exiting
2026/05/17 01:36:11 [notice] 33#33: exiting
2026/05/17 01:36:11 [notice] 34#34: exiting
2026/05/17 01:36:11 [notice] 36#36: exiting
2026/05/17 01:36:11 [notice] 35#35: exiting
2026/05/17 01:36:11 [notice] 37#37: exiting
2026/05/17 01:36:11 [notice] 38#38: exiting
2026/05/17 01:36:11 [notice] 39#39: exiting
2026/05/17 01:36:11 [notice] 40#40: exiting
2026/05/17 01:36:11 [notice] 21#21: exit
2026/05/17 01:36:11 [notice] 23#23: exit
2026/05/17 01:36:11 [notice] 22#22: exit
2026/05/17 01:36:11 [notice] 24#24: exit
2026/05/17 01:36:11 [notice] 25#25: exit
2026/05/17 01:36:11 [notice] 26#26: exit
2026/05/17 01:36:11 [notice] 28#28: exit
2026/05/17 01:36:11 [notice] 29#29: exit
2026/05/17 01:36:11 [notice] 30#30: exit
2026/05/17 01:36:11 [notice] 31#31: exit
2026/05/17 01:36:11 [notice] 32#32: exit
2026/05/17 01:36:11 [notice] 33#33: exit
2026/05/17 01:36:11 [notice] 34#34: exit
2026/05/17 01:36:11 [notice] 36#36: exit
2026/05/17 01:36:11 [notice] 35#35: exit
2026/05/17 01:36:11 [notice] 37#37: exit
2026/05/17 01:36:11 [notice] 38#38: exit
2026/05/17 01:36:11 [notice] 39#39: exit
2026/05/17 01:36:11 [notice] 40#40: exit
2026/05/17 01:36:11 [notice] 1#1: signal 17 (SIGCHLD) received from 27
2026/05/17 01:36:11 [notice] 1#1: worker process 27 exited with code 0
2026/05/17 01:36:11 [notice] 1#1: signal 29 (SIGIO) received
2026/05/17 01:36:11 [notice] 1#1: signal 17 (SIGCHLD) received from 22
2026/05/17 01:36:11 [notice] 1#1: worker process 22 exited with code 0
2026/05/17 01:36:11 [notice] 1#1: worker process 26 exited with code 0
2026/05/17 01:36:11 [notice] 1#1: worker process 29 exited with code 0
2026/05/17 01:36:11 [notice] 1#1: signal 29 (SIGIO) received
2026/05/17 01:36:11 [notice] 1#1: signal 17 (SIGCHLD) received from 39
2026/05/17 01:36:11 [notice] 1#1: worker process 25 exited with code 0
2026/05/17 01:36:11 [notice] 1#1: worker process 33 exited with code 0
2026/05/17 01:36:11 [notice] 1#1: worker process 37 exited with code 0
2026/05/17 01:36:11 [notice] 1#1: worker process 39 exited with code 0
2026/05/17 01:36:11 [notice] 1#1: signal 29 (SIGIO) received
2026/05/17 01:36:11 [notice] 1#1: signal 17 (SIGCHLD) received from 35
2026/05/17 01:36:11 [notice] 1#1: worker process 21 exited with code 0
2026/05/17 01:36:11 [notice] 1#1: worker process 23 exited with code 0
2026/05/17 01:36:11 [notice] 1#1: worker process 28 exited with code 0
2026/05/17 01:36:11 [notice] 1#1: worker process 30 exited with code 0
2026/05/17 01:36:11 [notice] 1#1: worker process 32 exited with code 0
2026/05/17 01:36:11 [notice] 1#1: worker process 34 exited with code 0
2026/05/17 01:36:11 [notice] 1#1: worker process 35 exited with code 0
2026/05/17 01:36:11 [notice] 1#1: worker process 40 exited with code 0
2026/05/17 01:36:11 [notice] 1#1: signal 29 (SIGIO) received
2026/05/17 01:36:11 [notice] 1#1: signal 17 (SIGCHLD) received from 40
2026/05/17 01:36:11 [notice] 1#1: signal 17 (SIGCHLD) received from 38
2026/05/17 01:36:11 [notice] 1#1: worker process 24 exited with code 0
2026/05/17 01:36:11 [notice] 1#1: worker process 31 exited with code 0
2026/05/17 01:36:11 [notice] 1#1: worker process 36 exited with code 0
2026/05/17 01:36:11 [notice] 1#1: worker process 38 exited with code 0
2026/05/17 01:36:11 [notice] 1#1: exit
2026/05/17 01:36:12 [notice] 1#1: using the "epoll" event method
2026/05/17 01:36:12 [notice] 1#1: nginx/1.28.2
2026/05/17 01:36:12 [notice] 1#1: built by gcc 14.2.0 (Debian 14.2.0-19) 
2026/05/17 01:36:12 [notice] 1#1: OS: Linux 6.6.87.2-microsoft-standard-WSL2
2026/05/17 01:36:12 [notice] 1#1: getrlimit(RLIMIT_NOFILE): 1048576:1048576
2026/05/17 01:36:12 [notice] 1#1: start worker processes
2026/05/17 01:36:12 [notice] 1#1: start worker process 21
2026/05/17 01:36:12 [notice] 1#1: start worker process 22
2026/05/17 01:36:12 [notice] 1#1: start worker process 23
2026/05/17 01:36:12 [notice] 1#1: start worker process 24
2026/05/17 01:36:12 [notice] 1#1: start worker process 25
2026/05/17 01:36:12 [notice] 1#1: start worker process 26
2026/05/17 01:36:12 [notice] 1#1: start worker process 27
2026/05/17 01:36:12 [notice] 1#1: start worker process 28
2026/05/17 01:36:12 [notice] 1#1: start worker process 29
2026/05/17 01:36:12 [notice] 1#1: start worker process 30
2026/05/17 01:36:12 [notice] 1#1: start worker process 31
2026/05/17 01:36:12 [notice] 1#1: start worker process 32
2026/05/17 01:36:12 [notice] 1#1: start worker process 33
2026/05/17 01:36:12 [notice] 1#1: start worker process 34
2026/05/17 01:36:12 [notice] 1#1: start worker process 35
2026/05/17 01:36:12 [notice] 1#1: start worker process 36
2026/05/17 01:36:12 [notice] 1#1: start worker process 37
2026/05/17 01:36:12 [notice] 1#1: start worker process 38
2026/05/17 01:36:12 [notice] 1#1: start worker process 39
2026/05/17 01:36:12 [notice] 1#1: start worker process 40
2026/05/17 01:58:21 [notice] 1#1: signal 3 (SIGQUIT) received, shutting down
2026/05/17 01:58:21 [notice] 21#21: gracefully shutting down
2026/05/17 01:58:21 [notice] 40#40: gracefully shutting down
2026/05/17 01:58:21 [notice] 25#25: gracefully shutting down
2026/05/17 01:58:21 [notice] 22#22: gracefully shutting down
2026/05/17 01:58:21 [notice] 29#29: gracefully shutting down
2026/05/17 01:58:21 [notice] 24#24: gracefully shutting down
2026/05/17 01:58:21 [notice] 28#28: gracefully shutting down
2026/05/17 01:58:21 [notice] 27#27: gracefully shutting down
2026/05/17 01:58:21 [notice] 27#27: exiting
2026/05/17 01:58:21 [notice] 23#23: gracefully shutting down
2026/05/17 01:58:21 [notice] 26#26: gracefully shutting down
2026/05/17 01:58:21 [notice] 32#32: gracefully shutting down
2026/05/17 01:58:21 [notice] 30#30: gracefully shutting down
2026/05/17 01:58:21 [notice] 31#31: gracefully shutting down
2026/05/17 01:58:21 [notice] 35#35: gracefully shutting down
2026/05/17 01:58:21 [notice] 33#33: gracefully shutting down
2026/05/17 01:58:21 [notice] 37#37: gracefully shutting down
2026/05/17 01:58:21 [notice] 39#39: gracefully shutting down
2026/05/17 01:58:21 [notice] 36#36: gracefully shutting down
2026/05/17 01:58:21 [notice] 38#38: gracefully shutting down
2026/05/17 01:58:21 [notice] 34#34: gracefully shutting down
2026/05/17 01:58:21 [notice] 21#21: exiting
2026/05/17 01:58:21 [notice] 40#40: exiting
2026/05/17 01:58:21 [notice] 25#25: exiting
2026/05/17 01:58:21 [notice] 22#22: exiting
2026/05/17 01:58:21 [notice] 29#29: exiting
2026/05/17 01:58:21 [notice] 24#24: exiting
2026/05/17 01:58:21 [notice] 28#28: exiting
2026/05/17 01:58:21 [notice] 27#27: exit
2026/05/17 01:58:21 [notice] 23#23: exiting
2026/05/17 01:58:21 [notice] 26#26: exiting
2026/05/17 01:58:21 [notice] 32#32: exiting
2026/05/17 01:58:21 [notice] 30#30: exiting
2026/05/17 01:58:21 [notice] 31#31: exiting
2026/05/17 01:58:21 [notice] 35#35: exiting
2026/05/17 01:58:21 [notice] 33#33: exiting
2026/05/17 01:58:21 [notice] 37#37: exiting
2026/05/17 01:58:21 [notice] 39#39: exiting
2026/05/17 01:58:21 [notice] 36#36: exiting
2026/05/17 01:58:21 [notice] 38#38: exiting
2026/05/17 01:58:21 [notice] 34#34: exiting
2026/05/17 01:58:21 [notice] 21#21: exit
2026/05/17 01:58:21 [notice] 40#40: exit
2026/05/17 01:58:21 [notice] 25#25: exit
2026/05/17 01:58:21 [notice] 22#22: exit
2026/05/17 01:58:21 [notice] 29#29: exit
2026/05/17 01:58:21 [notice] 24#24: exit
2026/05/17 01:58:21 [notice] 28#28: exit
2026/05/17 01:58:21 [notice] 23#23: exit
2026/05/17 01:58:21 [notice] 26#26: exit
2026/05/17 01:58:21 [notice] 32#32: exit
2026/05/17 01:58:21 [notice] 30#30: exit
2026/05/17 01:58:21 [notice] 31#31: exit
2026/05/17 01:58:21 [notice] 35#35: exit
2026/05/17 01:58:21 [notice] 33#33: exit
2026/05/17 01:58:21 [notice] 37#37: exit
2026/05/17 01:58:21 [notice] 39#39: exit
2026/05/17 01:58:21 [notice] 36#36: exit
2026/05/17 01:58:21 [notice] 38#38: exit
2026/05/17 01:58:21 [notice] 34#34: exit
2026/05/17 01:58:21 [notice] 1#1: signal 17 (SIGCHLD) received from 27
2026/05/17 01:58:21 [notice] 1#1: worker process 27 exited with code 0
2026/05/17 01:58:21 [notice] 1#1: signal 29 (SIGIO) received
2026/05/17 01:58:21 [notice] 1#1: signal 17 (SIGCHLD) received from 25
2026/05/17 01:58:21 [notice] 1#1: worker process 21 exited with code 0
2026/05/17 01:58:21 [notice] 1#1: worker process 22 exited with code 0
2026/05/17 01:58:21 [notice] 1#1: worker process 24 exited with code 0
2026/05/17 01:58:21 [notice] 1#1: worker process 25 exited with code 0
2026/05/17 01:58:21 [notice] 1#1: worker process 28 exited with code 0
2026/05/17 01:58:21 [notice] 1#1: worker process 23 exited with code 0
2026/05/17 01:58:21 [notice] 1#1: worker process 26 exited with code 0
2026/05/17 01:58:21 [notice] 1#1: worker process 29 exited with code 0
2026/05/17 01:58:21 [notice] 1#1: worker process 30 exited with code 0
2026/05/17 01:58:21 [notice] 1#1: worker process 31 exited with code 0
2026/05/17 01:58:21 [notice] 1#1: worker process 32 exited with code 0
2026/05/17 01:58:21 [notice] 1#1: worker process 33 exited with code 0
2026/05/17 01:58:21 [notice] 1#1: worker process 34 exited with code 0
2026/05/17 01:58:21 [notice] 1#1: worker process 35 exited with code 0
2026/05/17 01:58:21 [notice] 1#1: worker process 36 exited with code 0
2026/05/17 01:58:21 [notice] 1#1: worker process 37 exited with code 0
2026/05/17 01:58:21 [notice] 1#1: worker process 38 exited with code 0
2026/05/17 01:58:21 [notice] 1#1: worker process 39 exited with code 0
2026/05/17 01:58:21 [notice] 1#1: worker process 40 exited with code 0
2026/05/17 01:58:21 [notice] 1#1: exit
2026/05/17 01:58:23 [notice] 1#1: using the "epoll" event method
2026/05/17 01:58:23 [notice] 1#1: nginx/1.28.2
2026/05/17 01:58:23 [notice] 1#1: built by gcc 14.2.0 (Debian 14.2.0-19) 
2026/05/17 01:58:23 [notice] 1#1: OS: Linux 6.6.87.2-microsoft-standard-WSL2
2026/05/17 01:58:23 [notice] 1#1: getrlimit(RLIMIT_NOFILE): 1048576:1048576
2026/05/17 01:58:23 [notice] 1#1: start worker processes
2026/05/17 01:58:23 [notice] 1#1: start worker process 21
2026/05/17 01:58:23 [notice] 1#1: start worker process 22
2026/05/17 01:58:23 [notice] 1#1: start worker process 23
2026/05/17 01:58:23 [notice] 1#1: start worker process 24
2026/05/17 01:58:23 [notice] 1#1: start worker process 25
2026/05/17 01:58:23 [notice] 1#1: start worker process 26
2026/05/17 01:58:23 [notice] 1#1: start worker process 27
2026/05/17 01:58:23 [notice] 1#1: start worker process 28
2026/05/17 01:58:23 [notice] 1#1: start worker process 29
2026/05/17 01:58:23 [notice] 1#1: start worker process 30
2026/05/17 01:58:23 [notice] 1#1: start worker process 31
2026/05/17 01:58:23 [notice] 1#1: start worker process 32
2026/05/17 01:58:23 [notice] 1#1: start worker process 33
2026/05/17 01:58:23 [notice] 1#1: start worker process 34
2026/05/17 01:58:23 [notice] 1#1: start worker process 35
2026/05/17 01:58:23 [notice] 1#1: start worker process 36
2026/05/17 01:58:23 [notice] 1#1: start worker process 37
2026/05/17 01:58:23 [notice] 1#1: start worker process 38
2026/05/17 01:58:23 [notice] 1#1: start worker process 39
2026/05/17 01:58:23 [notice] 1#1: start worker process 40
2026/05/17 02:03:39 [notice] 1#1: signal 3 (SIGQUIT) received, shutting down
2026/05/17 02:03:39 [notice] 21#21: gracefully shutting down
2026/05/17 02:03:39 [notice] 21#21: exiting
2026/05/17 02:03:39 [notice] 22#22: gracefully shutting down
2026/05/17 02:03:39 [notice] 24#24: gracefully shutting down
2026/05/17 02:03:39 [notice] 23#23: gracefully shutting down
2026/05/17 02:03:39 [notice] 26#26: gracefully shutting down
2026/05/17 02:03:39 [notice] 25#25: gracefully shutting down
2026/05/17 02:03:39 [notice] 27#27: gracefully shutting down
2026/05/17 02:03:39 [notice] 28#28: gracefully shutting down
2026/05/17 02:03:39 [notice] 28#28: exiting
2026/05/17 02:03:39 [notice] 30#30: gracefully shutting down
2026/05/17 02:03:39 [notice] 31#31: gracefully shutting down
2026/05/17 02:03:39 [notice] 29#29: gracefully shutting down
2026/05/17 02:03:39 [notice] 32#32: gracefully shutting down
2026/05/17 02:03:39 [notice] 33#33: gracefully shutting down
2026/05/17 02:03:39 [notice] 35#35: gracefully shutting down
2026/05/17 02:03:39 [notice] 36#36: gracefully shutting down
2026/05/17 02:03:39 [notice] 34#34: gracefully shutting down
2026/05/17 02:03:39 [notice] 37#37: gracefully shutting down
2026/05/17 02:03:39 [notice] 38#38: gracefully shutting down
2026/05/17 02:03:39 [notice] 39#39: gracefully shutting down
2026/05/17 02:03:39 [notice] 40#40: gracefully shutting down
2026/05/17 02:03:39 [notice] 21#21: exit
2026/05/17 02:03:39 [notice] 22#22: exiting
2026/05/17 02:03:39 [notice] 24#24: exiting
2026/05/17 02:03:39 [notice] 23#23: exiting
2026/05/17 02:03:39 [notice] 26#26: exiting
2026/05/17 02:03:39 [notice] 25#25: exiting
2026/05/17 02:03:39 [notice] 27#27: exiting
2026/05/17 02:03:39 [notice] 28#28: exit
2026/05/17 02:03:39 [notice] 30#30: exiting
2026/05/17 02:03:39 [notice] 31#31: exiting
2026/05/17 02:03:39 [notice] 29#29: exiting
2026/05/17 02:03:39 [notice] 32#32: exiting
2026/05/17 02:03:39 [notice] 33#33: exiting
2026/05/17 02:03:39 [notice] 35#35: exiting
2026/05/17 02:03:39 [notice] 36#36: exiting
2026/05/17 02:03:39 [notice] 34#34: exiting
2026/05/17 02:03:39 [notice] 37#37: exiting
2026/05/17 02:03:39 [notice] 38#38: exiting
2026/05/17 02:03:39 [notice] 39#39: exiting
2026/05/17 02:03:39 [notice] 40#40: exiting
2026/05/17 02:03:39 [notice] 22#22: exit
2026/05/17 02:03:39 [notice] 24#24: exit
2026/05/17 02:03:39 [notice] 23#23: exit
2026/05/17 02:03:39 [notice] 26#26: exit
2026/05/17 02:03:39 [notice] 25#25: exit
2026/05/17 02:03:39 [notice] 27#27: exit
2026/05/17 02:03:39 [notice] 30#30: exit
2026/05/17 02:03:39 [notice] 31#31: exit
2026/05/17 02:03:39 [notice] 29#29: exit
2026/05/17 02:03:39 [notice] 32#32: exit
2026/05/17 02:03:39 [notice] 33#33: exit
2026/05/17 02:03:39 [notice] 35#35: exit
2026/05/17 02:03:39 [notice] 36#36: exit
2026/05/17 02:03:39 [notice] 34#34: exit
2026/05/17 02:03:39 [notice] 37#37: exit
2026/05/17 02:03:39 [notice] 38#38: exit
2026/05/17 02:03:39 [notice] 39#39: exit
2026/05/17 02:03:39 [notice] 40#40: exit
2026/05/17 02:03:39 [notice] 1#1: signal 17 (SIGCHLD) received from 21
2026/05/17 02:03:39 [notice] 1#1: worker process 21 exited with code 0
2026/05/17 02:03:39 [notice] 1#1: signal 29 (SIGIO) received
2026/05/17 02:03:39 [notice] 1#1: signal 17 (SIGCHLD) received from 26
2026/05/17 02:03:39 [notice] 1#1: worker process 22 exited with code 0
2026/05/17 02:03:39 [notice] 1#1: worker process 26 exited with code 0
2026/05/17 02:03:39 [notice] 1#1: worker process 28 exited with code 0
2026/05/17 02:03:39 [notice] 1#1: worker process 32 exited with code 0
2026/05/17 02:03:39 [notice] 1#1: worker process 33 exited with code 0
2026/05/17 02:03:39 [notice] 1#1: signal 29 (SIGIO) received
2026/05/17 02:03:39 [notice] 1#1: signal 17 (SIGCHLD) received from 32
2026/05/17 02:03:39 [notice] 1#1: signal 17 (SIGCHLD) received from 36
2026/05/17 02:03:39 [notice] 1#1: worker process 23 exited with code 0
2026/05/17 02:03:39 [notice] 1#1: worker process 25 exited with code 0
2026/05/17 02:03:39 [notice] 1#1: worker process 29 exited with code 0
2026/05/17 02:03:39 [notice] 1#1: worker process 31 exited with code 0
2026/05/17 02:03:39 [notice] 1#1: worker process 35 exited with code 0
2026/05/17 02:03:39 [notice] 1#1: worker process 36 exited with code 0
2026/05/17 02:03:39 [notice] 1#1: signal 29 (SIGIO) received
2026/05/17 02:03:39 [notice] 1#1: signal 17 (SIGCHLD) received from 29
2026/05/17 02:03:39 [notice] 1#1: signal 17 (SIGCHLD) received from 30
2026/05/17 02:03:39 [notice] 1#1: worker process 24 exited with code 0
2026/05/17 02:03:39 [notice] 1#1: worker process 27 exited with code 0
2026/05/17 02:03:39 [notice] 1#1: worker process 30 exited with code 0
2026/05/17 02:03:39 [notice] 1#1: worker process 34 exited with code 0
2026/05/17 02:03:39 [notice] 1#1: worker process 37 exited with code 0
2026/05/17 02:03:39 [notice] 1#1: worker process 38 exited with code 0
2026/05/17 02:03:39 [notice] 1#1: worker process 39 exited with code 0
2026/05/17 02:03:39 [notice] 1#1: worker process 40 exited with code 0
2026/05/17 02:03:39 [notice] 1#1: exit
2026/05/17 02:03:40 [notice] 1#1: using the "epoll" event method
2026/05/17 02:03:40 [notice] 1#1: nginx/1.28.2
2026/05/17 02:03:40 [notice] 1#1: built by gcc 14.2.0 (Debian 14.2.0-19) 
2026/05/17 02:03:40 [notice] 1#1: OS: Linux 6.6.87.2-microsoft-standard-WSL2
2026/05/17 02:03:40 [notice] 1#1: getrlimit(RLIMIT_NOFILE): 1048576:1048576
2026/05/17 02:03:40 [notice] 1#1: start worker processes
2026/05/17 02:03:40 [notice] 1#1: start worker process 21
2026/05/17 02:03:40 [notice] 1#1: start worker process 22
2026/05/17 02:03:40 [notice] 1#1: start worker process 23
2026/05/17 02:03:40 [notice] 1#1: start worker process 24
2026/05/17 02:03:40 [notice] 1#1: start worker process 25
2026/05/17 02:03:40 [notice] 1#1: start worker process 26
2026/05/17 02:03:40 [notice] 1#1: start worker process 27
2026/05/17 02:03:40 [notice] 1#1: start worker process 28
2026/05/17 02:03:40 [notice] 1#1: start worker process 29
2026/05/17 02:03:40 [notice] 1#1: start worker process 30
2026/05/17 02:03:40 [notice] 1#1: start worker process 31
2026/05/17 02:03:40 [notice] 1#1: start worker process 32
2026/05/17 02:03:40 [notice] 1#1: start worker process 33
2026/05/17 02:03:40 [notice] 1#1: start worker process 34
2026/05/17 02:03:40 [notice] 1#1: start worker process 35
2026/05/17 02:03:40 [notice] 1#1: start worker process 36
2026/05/17 02:03:40 [notice] 1#1: start worker process 37
2026/05/17 02:03:40 [notice] 1#1: start worker process 38
2026/05/17 02:03:40 [notice] 1#1: start worker process 39
2026/05/17 02:03:40 [notice] 1#1: start worker process 40
2026/05/17 02:10:10 [notice] 1#1: signal 3 (SIGQUIT) received, shutting down
2026/05/17 02:10:10 [notice] 21#21: gracefully shutting down
2026/05/17 02:10:10 [notice] 23#23: gracefully shutting down
2026/05/17 02:10:10 [notice] 22#22: gracefully shutting down
2026/05/17 02:10:10 [notice] 24#24: gracefully shutting down
2026/05/17 02:10:10 [notice] 25#25: gracefully shutting down
2026/05/17 02:10:10 [notice] 27#27: gracefully shutting down
2026/05/17 02:10:10 [notice] 28#28: gracefully shutting down
2026/05/17 02:10:10 [notice] 29#29: gracefully shutting down
2026/05/17 02:10:10 [notice] 30#30: gracefully shutting down
2026/05/17 02:10:10 [notice] 31#31: gracefully shutting down
2026/05/17 02:10:10 [notice] 32#32: gracefully shutting down
2026/05/17 02:10:10 [notice] 33#33: gracefully shutting down
2026/05/17 02:10:10 [notice] 33#33: exiting
2026/05/17 02:10:10 [notice] 26#26: gracefully shutting down
2026/05/17 02:10:10 [notice] 34#34: gracefully shutting down
2026/05/17 02:10:10 [notice] 35#35: gracefully shutting down
2026/05/17 02:10:10 [notice] 36#36: gracefully shutting down
2026/05/17 02:10:10 [notice] 37#37: gracefully shutting down
2026/05/17 02:10:10 [notice] 38#38: gracefully shutting down
2026/05/17 02:10:10 [notice] 38#38: exiting
2026/05/17 02:10:10 [notice] 39#39: gracefully shutting down
2026/05/17 02:10:10 [notice] 40#40: gracefully shutting down
2026/05/17 02:10:10 [notice] 21#21: exiting
2026/05/17 02:10:10 [notice] 23#23: exiting
2026/05/17 02:10:10 [notice] 22#22: exiting
2026/05/17 02:10:10 [notice] 24#24: exiting
2026/05/17 02:10:10 [notice] 25#25: exiting
2026/05/17 02:10:10 [notice] 25#25: exit
2026/05/17 02:10:10 [notice] 27#27: exiting
2026/05/17 02:10:10 [notice] 28#28: exiting
2026/05/17 02:10:10 [notice] 29#29: exiting
2026/05/17 02:10:10 [notice] 30#30: exiting
2026/05/17 02:10:10 [notice] 31#31: exiting
2026/05/17 02:10:10 [notice] 32#32: exiting
2026/05/17 02:10:10 [notice] 33#33: exit
2026/05/17 02:10:10 [notice] 26#26: exiting
2026/05/17 02:10:10 [notice] 34#34: exiting
2026/05/17 02:10:10 [notice] 35#35: exiting
2026/05/17 02:10:10 [notice] 36#36: exiting
2026/05/17 02:10:10 [notice] 37#37: exiting
2026/05/17 02:10:10 [notice] 38#38: exit
2026/05/17 02:10:10 [notice] 39#39: exiting
2026/05/17 02:10:10 [notice] 40#40: exiting
2026/05/17 02:10:10 [notice] 21#21: exit
2026/05/17 02:10:10 [notice] 23#23: exit
2026/05/17 02:10:10 [notice] 22#22: exit
2026/05/17 02:10:10 [notice] 24#24: exit
2026/05/17 02:10:10 [notice] 27#27: exit
2026/05/17 02:10:10 [notice] 28#28: exit
2026/05/17 02:10:10 [notice] 29#29: exit
2026/05/17 02:10:10 [notice] 30#30: exit
2026/05/17 02:10:10 [notice] 31#31: exit
2026/05/17 02:10:10 [notice] 32#32: exit
2026/05/17 02:10:10 [notice] 26#26: exit
2026/05/17 02:10:10 [notice] 34#34: exit
2026/05/17 02:10:11 [notice] 1#1: signal 17 (SIGCHLD) received from 25
2026/05/17 02:10:11 [notice] 1#1: worker process 25 exited with code 0
2026/05/17 02:10:10 [notice] 35#35: exit
2026/05/17 02:10:10 [notice] 36#36: exit
2026/05/17 02:10:10 [notice] 37#37: exit
2026/05/17 02:10:10 [notice] 39#39: exit
2026/05/17 02:10:10 [notice] 40#40: exit
2026/05/17 02:10:11 [notice] 1#1: signal 29 (SIGIO) received
2026/05/17 02:10:11 [notice] 1#1: signal 17 (SIGCHLD) received from 33
2026/05/17 02:10:11 [notice] 1#1: worker process 33 exited with code 0
2026/05/17 02:10:11 [notice] 1#1: signal 29 (SIGIO) received
2026/05/17 02:10:11 [notice] 1#1: signal 17 (SIGCHLD) received from 21
2026/05/17 02:10:11 [notice] 1#1: worker process 21 exited with code 0
2026/05/17 02:10:11 [notice] 1#1: signal 29 (SIGIO) received
2026/05/17 02:10:11 [notice] 1#1: signal 17 (SIGCHLD) received from 31
2026/05/17 02:10:11 [notice] 1#1: worker process 22 exited with code 0
2026/05/17 02:10:11 [notice] 1#1: worker process 23 exited with code 0
2026/05/17 02:10:11 [notice] 1#1: worker process 24 exited with code 0
2026/05/17 02:10:11 [notice] 1#1: worker process 26 exited with code 0
2026/05/17 02:10:11 [notice] 1#1: worker process 27 exited with code 0
2026/05/17 02:10:11 [notice] 1#1: worker process 31 exited with code 0
2026/05/17 02:10:11 [notice] 1#1: signal 29 (SIGIO) received
2026/05/17 02:10:11 [notice] 1#1: signal 17 (SIGCHLD) received from 22
2026/05/17 02:10:11 [notice] 1#1: worker process 38 exited with code 0
2026/05/17 02:10:11 [notice] 1#1: signal 29 (SIGIO) received
2026/05/17 02:10:11 [notice] 1#1: signal 17 (SIGCHLD) received from 38
2026/05/17 02:10:11 [notice] 1#1: signal 17 (SIGCHLD) received from 29
2026/05/17 02:10:11 [notice] 1#1: worker process 28 exited with code 0
2026/05/17 02:10:11 [notice] 1#1: worker process 29 exited with code 0
2026/05/17 02:10:11 [notice] 1#1: worker process 30 exited with code 0
2026/05/17 02:10:11 [notice] 1#1: worker process 32 exited with code 0
2026/05/17 02:10:11 [notice] 1#1: worker process 34 exited with code 0
2026/05/17 02:10:11 [notice] 1#1: worker process 35 exited with code 0
2026/05/17 02:10:11 [notice] 1#1: worker process 36 exited with code 0
2026/05/17 02:10:11 [notice] 1#1: worker process 40 exited with code 0
2026/05/17 02:10:11 [notice] 1#1: signal 29 (SIGIO) received
2026/05/17 02:10:11 [notice] 1#1: signal 17 (SIGCHLD) received from 28
2026/05/17 02:10:11 [notice] 1#1: signal 17 (SIGCHLD) received from 39
2026/05/17 02:10:11 [notice] 1#1: worker process 39 exited with code 0
2026/05/17 02:10:11 [notice] 1#1: signal 29 (SIGIO) received
2026/05/17 02:10:11 [notice] 1#1: signal 17 (SIGCHLD) received from 37
2026/05/17 02:10:11 [notice] 1#1: worker process 37 exited with code 0
2026/05/17 02:10:11 [notice] 1#1: exit
2026/05/17 02:10:36 [notice] 1#1: using the "epoll" event method
2026/05/17 02:10:36 [notice] 1#1: nginx/1.28.2
2026/05/17 02:10:36 [notice] 1#1: built by gcc 14.2.0 (Debian 14.2.0-19) 
2026/05/17 02:10:36 [notice] 1#1: OS: Linux 6.6.87.2-microsoft-standard-WSL2
2026/05/17 02:10:36 [notice] 1#1: getrlimit(RLIMIT_NOFILE): 1048576:1048576
2026/05/17 02:10:36 [notice] 1#1: start worker processes
2026/05/17 02:10:36 [notice] 1#1: start worker process 21
2026/05/17 02:10:36 [notice] 1#1: start worker process 22
2026/05/17 02:10:36 [notice] 1#1: start worker process 23
2026/05/17 02:10:36 [notice] 1#1: start worker process 24
2026/05/17 02:10:36 [notice] 1#1: start worker process 25
2026/05/17 02:10:36 [notice] 1#1: start worker process 26
2026/05/17 02:10:36 [notice] 1#1: start worker process 27
2026/05/17 02:10:36 [notice] 1#1: start worker process 28
2026/05/17 02:10:36 [notice] 1#1: start worker process 29
2026/05/17 02:10:36 [notice] 1#1: start worker process 30
2026/05/17 02:10:36 [notice] 1#1: start worker process 31
2026/05/17 02:10:36 [notice] 1#1: start worker process 32
2026/05/17 02:10:36 [notice] 1#1: start worker process 33
2026/05/17 02:10:36 [notice] 1#1: start worker process 34
2026/05/17 02:10:36 [notice] 1#1: start worker process 35
2026/05/17 02:10:36 [notice] 1#1: start worker process 36
2026/05/17 02:10:36 [notice] 1#1: start worker process 37
2026/05/17 02:10:36 [notice] 1#1: start worker process 38
2026/05/17 02:10:36 [notice] 1#1: start worker process 39
2026/05/17 02:10:36 [notice] 1#1: start worker process 40
2026/05/17 02:20:50 [notice] 1#1: signal 3 (SIGQUIT) received, shutting down
2026/05/17 02:20:50 [notice] 21#21: gracefully shutting down
2026/05/17 02:20:50 [notice] 22#22: gracefully shutting down
2026/05/17 02:20:50 [notice] 22#22: exiting
2026/05/17 02:20:50 [notice] 23#23: gracefully shutting down
2026/05/17 02:20:50 [notice] 24#24: gracefully shutting down
2026/05/17 02:20:50 [notice] 26#26: gracefully shutting down
2026/05/17 02:20:50 [notice] 27#27: gracefully shutting down
2026/05/17 02:20:50 [notice] 28#28: gracefully shutting down
2026/05/17 02:20:50 [notice] 25#25: gracefully shutting down
2026/05/17 02:20:50 [notice] 30#30: gracefully shutting down
2026/05/17 02:20:50 [notice] 29#29: gracefully shutting down
2026/05/17 02:20:50 [notice] 31#31: gracefully shutting down
2026/05/17 02:20:50 [notice] 32#32: gracefully shutting down
2026/05/17 02:20:50 [notice] 34#34: gracefully shutting down
2026/05/17 02:20:50 [notice] 33#33: gracefully shutting down
2026/05/17 02:20:50 [notice] 35#35: gracefully shutting down
2026/05/17 02:20:50 [notice] 36#36: gracefully shutting down
2026/05/17 02:20:50 [notice] 37#37: gracefully shutting down
2026/05/17 02:20:50 [notice] 38#38: gracefully shutting down
2026/05/17 02:20:50 [notice] 39#39: gracefully shutting down
2026/05/17 02:20:50 [notice] 40#40: gracefully shutting down
2026/05/17 02:20:50 [notice] 21#21: exiting
2026/05/17 02:20:50 [notice] 22#22: exit
2026/05/17 02:20:50 [notice] 23#23: exiting
2026/05/17 02:20:50 [notice] 24#24: exiting
2026/05/17 02:20:50 [notice] 26#26: exiting
2026/05/17 02:20:50 [notice] 27#27: exiting
2026/05/17 02:20:50 [notice] 28#28: exiting
2026/05/17 02:20:50 [notice] 25#25: exiting
2026/05/17 02:20:50 [notice] 30#30: exiting
2026/05/17 02:20:50 [notice] 29#29: exiting
2026/05/17 02:20:50 [notice] 31#31: exiting
2026/05/17 02:20:50 [notice] 32#32: exiting
2026/05/17 02:20:50 [notice] 34#34: exiting
2026/05/17 02:20:50 [notice] 33#33: exiting
2026/05/17 02:20:50 [notice] 35#35: exiting
2026/05/17 02:20:50 [notice] 36#36: exiting
2026/05/17 02:20:50 [notice] 37#37: exiting
2026/05/17 02:20:50 [notice] 38#38: exiting
2026/05/17 02:20:50 [notice] 39#39: exiting
2026/05/17 02:20:50 [notice] 40#40: exiting
2026/05/17 02:20:50 [notice] 21#21: exit
2026/05/17 02:20:50 [notice] 23#23: exit
2026/05/17 02:20:50 [notice] 24#24: exit
2026/05/17 02:20:50 [notice] 26#26: exit
2026/05/17 02:20:50 [notice] 27#27: exit
2026/05/17 02:20:50 [notice] 28#28: exit
2026/05/17 02:20:50 [notice] 25#25: exit
2026/05/17 02:20:50 [notice] 30#30: exit
2026/05/17 02:20:50 [notice] 29#29: exit
2026/05/17 02:20:50 [notice] 31#31: exit
2026/05/17 02:20:50 [notice] 32#32: exit
2026/05/17 02:20:50 [notice] 34#34: exit
2026/05/17 02:20:50 [notice] 33#33: exit
2026/05/17 02:20:50 [notice] 35#35: exit
2026/05/17 02:20:50 [notice] 36#36: exit
2026/05/17 02:20:50 [notice] 37#37: exit
2026/05/17 02:20:50 [notice] 38#38: exit
2026/05/17 02:20:50 [notice] 39#39: exit
2026/05/17 02:20:50 [notice] 40#40: exit
2026/05/17 02:20:50 [notice] 1#1: signal 17 (SIGCHLD) received from 22
2026/05/17 02:20:50 [notice] 1#1: worker process 21 exited with code 0
2026/05/17 02:20:50 [notice] 1#1: worker process 22 exited with code 0
2026/05/17 02:20:50 [notice] 1#1: signal 29 (SIGIO) received
2026/05/17 02:20:50 [notice] 1#1: signal 17 (SIGCHLD) received from 27
2026/05/17 02:20:50 [notice] 1#1: worker process 23 exited with code 0
2026/05/17 02:20:50 [notice] 1#1: worker process 26 exited with code 0
2026/05/17 02:20:50 [notice] 1#1: worker process 27 exited with code 0
2026/05/17 02:20:50 [notice] 1#1: worker process 28 exited with code 0
2026/05/17 02:20:50 [notice] 1#1: worker process 29 exited with code 0
2026/05/17 02:20:50 [notice] 1#1: worker process 30 exited with code 0
2026/05/17 02:20:50 [notice] 1#1: worker process 31 exited with code 0
2026/05/17 02:20:50 [notice] 1#1: worker process 32 exited with code 0
2026/05/17 02:20:50 [notice] 1#1: worker process 33 exited with code 0
2026/05/17 02:20:50 [notice] 1#1: worker process 34 exited with code 0
2026/05/17 02:20:50 [notice] 1#1: worker process 36 exited with code 0
2026/05/17 02:20:50 [notice] 1#1: worker process 37 exited with code 0
2026/05/17 02:20:50 [notice] 1#1: worker process 38 exited with code 0
2026/05/17 02:20:50 [notice] 1#1: worker process 39 exited with code 0
2026/05/17 02:20:50 [notice] 1#1: worker process 40 exited with code 0
2026/05/17 02:20:50 [notice] 1#1: signal 29 (SIGIO) received
2026/05/17 02:20:50 [notice] 1#1: signal 17 (SIGCHLD) received from 38
2026/05/17 02:20:50 [notice] 1#1: signal 17 (SIGCHLD) received from 35
2026/05/17 02:20:50 [notice] 1#1: worker process 24 exited with code 0
2026/05/17 02:20:50 [notice] 1#1: worker process 25 exited with code 0
2026/05/17 02:20:50 [notice] 1#1: worker process 35 exited with code 0
2026/05/17 02:20:50 [notice] 1#1: exit
2026/05/17 02:20:51 [notice] 1#1: using the "epoll" event method
2026/05/17 02:20:51 [notice] 1#1: nginx/1.28.2
2026/05/17 02:20:51 [notice] 1#1: built by gcc 14.2.0 (Debian 14.2.0-19) 
2026/05/17 02:20:51 [notice] 1#1: OS: Linux 6.6.87.2-microsoft-standard-WSL2
2026/05/17 02:20:51 [notice] 1#1: getrlimit(RLIMIT_NOFILE): 1048576:1048576
2026/05/17 02:20:51 [notice] 1#1: start worker processes
2026/05/17 02:20:51 [notice] 1#1: start worker process 21
2026/05/17 02:20:51 [notice] 1#1: start worker process 22
2026/05/17 02:20:51 [notice] 1#1: start worker process 23
2026/05/17 02:20:51 [notice] 1#1: start worker process 24
2026/05/17 02:20:51 [notice] 1#1: start worker process 25
2026/05/17 02:20:51 [notice] 1#1: start worker process 26
2026/05/17 02:20:51 [notice] 1#1: start worker process 27
2026/05/17 02:20:51 [notice] 1#1: start worker process 28
2026/05/17 02:20:51 [notice] 1#1: start worker process 29
2026/05/17 02:20:51 [notice] 1#1: start worker process 30
2026/05/17 02:20:51 [notice] 1#1: start worker process 31
2026/05/17 02:20:51 [notice] 1#1: start worker process 32
2026/05/17 02:20:51 [notice] 1#1: start worker process 33
2026/05/17 02:20:51 [notice] 1#1: start worker process 34
2026/05/17 02:20:51 [notice] 1#1: start worker process 35
2026/05/17 02:20:51 [notice] 1#1: start worker process 36
2026/05/17 02:20:51 [notice] 1#1: start worker process 37
2026/05/17 02:20:51 [notice] 1#1: start worker process 38
2026/05/17 02:20:51 [notice] 1#1: start worker process 39
2026/05/17 02:20:51 [notice] 1#1: start worker process 40
2026/05/17 18:21:10 [notice] 1#1: using the "epoll" event method
2026/05/17 18:21:10 [notice] 1#1: nginx/1.28.2
2026/05/17 18:21:10 [notice] 1#1: built by gcc 14.2.0 (Debian 14.2.0-19) 
2026/05/17 18:21:10 [notice] 1#1: OS: Linux 6.6.87.2-microsoft-standard-WSL2
2026/05/17 18:21:10 [notice] 1#1: getrlimit(RLIMIT_NOFILE): 1048576:1048576
2026/05/17 18:21:10 [notice] 1#1: start worker processes
2026/05/17 18:21:10 [notice] 1#1: start worker process 21
2026/05/17 18:21:10 [notice] 1#1: start worker process 22
2026/05/17 18:21:10 [notice] 1#1: start worker process 23
2026/05/17 18:21:10 [notice] 1#1: start worker process 24
2026/05/17 18:21:10 [notice] 1#1: start worker process 25
2026/05/17 18:21:10 [notice] 1#1: start worker process 26
2026/05/17 18:21:10 [notice] 1#1: start worker process 27
2026/05/17 18:21:10 [notice] 1#1: start worker process 28
2026/05/17 18:21:10 [notice] 1#1: start worker process 29
2026/05/17 18:21:10 [notice] 1#1: start worker process 30
2026/05/17 18:21:10 [notice] 1#1: start worker process 31
2026/05/17 18:21:10 [notice] 1#1: start worker process 32
2026/05/17 18:21:10 [notice] 1#1: start worker process 33
2026/05/17 18:21:10 [notice] 1#1: start worker process 34
2026/05/17 18:21:10 [notice] 1#1: start worker process 35
2026/05/17 18:21:10 [notice] 1#1: start worker process 36
2026/05/17 18:21:10 [notice] 1#1: start worker process 37
2026/05/17 18:21:10 [notice] 1#1: start worker process 38
2026/05/17 18:21:10 [notice] 1#1: start worker process 39
2026/05/17 18:21:10 [notice] 1#1: start worker process 40
2026/05/17 19:33:34 [notice] 1#1: signal 3 (SIGQUIT) received, shutting down
2026/05/17 19:33:34 [notice] 22#22: gracefully shutting down
2026/05/17 19:33:34 [notice] 24#24: gracefully shutting down
2026/05/17 19:33:34 [notice] 21#21: gracefully shutting down
2026/05/17 19:33:34 [notice] 25#25: gracefully shutting down
2026/05/17 19:33:34 [notice] 23#23: gracefully shutting down
2026/05/17 19:33:34 [notice] 26#26: gracefully shutting down
2026/05/17 19:33:34 [notice] 29#29: gracefully shutting down
2026/05/17 19:33:34 [notice] 27#27: gracefully shutting down
2026/05/17 19:33:34 [notice] 28#28: gracefully shutting down
2026/05/17 19:33:34 [notice] 30#30: gracefully shutting down
2026/05/17 19:33:34 [notice] 35#35: gracefully shutting down
2026/05/17 19:33:34 [notice] 37#37: gracefully shutting down
2026/05/17 19:33:34 [notice] 35#35: exiting
2026/05/17 19:33:34 [notice] 32#32: gracefully shutting down
2026/05/17 19:33:34 [notice] 31#31: gracefully shutting down
2026/05/17 19:33:34 [notice] 38#38: gracefully shutting down
2026/05/17 19:33:34 [notice] 31#31: exiting
2026/05/17 19:33:34 [notice] 36#36: gracefully shutting down
2026/05/17 19:33:34 [notice] 33#33: gracefully shutting down
2026/05/17 19:33:34 [notice] 39#39: gracefully shutting down
2026/05/17 19:33:34 [notice] 40#40: gracefully shutting down
2026/05/17 19:33:34 [notice] 34#34: gracefully shutting down
2026/05/17 19:33:34 [notice] 22#22: exiting
2026/05/17 19:33:34 [notice] 24#24: exiting
2026/05/17 19:33:34 [notice] 21#21: exiting
2026/05/17 19:33:34 [notice] 25#25: exiting
2026/05/17 19:33:34 [notice] 21#21: exit
2026/05/17 19:33:34 [notice] 23#23: exiting
2026/05/17 19:33:34 [notice] 26#26: exiting
2026/05/17 19:33:34 [notice] 29#29: exiting
2026/05/17 19:33:34 [notice] 27#27: exiting
2026/05/17 19:33:34 [notice] 28#28: exiting
2026/05/17 19:33:34 [notice] 30#30: exiting
2026/05/17 19:33:34 [notice] 37#37: exiting
2026/05/17 19:33:34 [notice] 35#35: exit
2026/05/17 19:33:34 [notice] 32#32: exiting
2026/05/17 19:33:34 [notice] 38#38: exiting
2026/05/17 19:33:34 [notice] 31#31: exit
2026/05/17 19:33:34 [notice] 36#36: exiting
2026/05/17 19:33:34 [notice] 33#33: exiting
2026/05/17 19:33:34 [notice] 39#39: exiting
2026/05/17 19:33:34 [notice] 40#40: exiting
2026/05/17 19:33:34 [notice] 34#34: exiting
2026/05/17 19:33:34 [notice] 22#22: exit
2026/05/17 19:33:34 [notice] 24#24: exit
2026/05/17 19:33:34 [notice] 25#25: exit
2026/05/17 19:33:34 [notice] 23#23: exit
2026/05/17 19:33:34 [notice] 26#26: exit
2026/05/17 19:33:34 [notice] 29#29: exit
2026/05/17 19:33:34 [notice] 27#27: exit
2026/05/17 19:33:34 [notice] 28#28: exit
2026/05/17 19:33:34 [notice] 30#30: exit
2026/05/17 19:33:34 [notice] 37#37: exit
2026/05/17 19:33:34 [notice] 32#32: exit
2026/05/17 19:33:34 [notice] 38#38: exit
2026/05/17 19:33:34 [notice] 36#36: exit
2026/05/17 19:33:34 [notice] 33#33: exit
2026/05/17 19:33:34 [notice] 39#39: exit
2026/05/17 19:33:34 [notice] 40#40: exit
2026/05/17 19:33:34 [notice] 34#34: exit
2026/05/17 19:33:34 [notice] 1#1: signal 17 (SIGCHLD) received from 31
2026/05/17 19:33:34 [notice] 1#1: worker process 21 exited with code 0
2026/05/17 19:33:34 [notice] 1#1: worker process 22 exited with code 0
2026/05/17 19:33:34 [notice] 1#1: worker process 23 exited with code 0
2026/05/17 19:33:34 [notice] 1#1: worker process 24 exited with code 0
2026/05/17 19:33:34 [notice] 1#1: worker process 25 exited with code 0
2026/05/17 19:33:34 [notice] 1#1: worker process 26 exited with code 0
2026/05/17 19:33:34 [notice] 1#1: worker process 27 exited with code 0
2026/05/17 19:33:34 [notice] 1#1: worker process 29 exited with code 0
2026/05/17 19:33:34 [notice] 1#1: worker process 30 exited with code 0
2026/05/17 19:33:34 [notice] 1#1: worker process 31 exited with code 0
2026/05/17 19:33:34 [notice] 1#1: worker process 34 exited with code 0
2026/05/17 19:33:34 [notice] 1#1: worker process 35 exited with code 0
2026/05/17 19:33:34 [notice] 1#1: signal 29 (SIGIO) received
2026/05/17 19:33:34 [notice] 1#1: signal 17 (SIGCHLD) received from 30
2026/05/17 19:33:34 [notice] 1#1: signal 17 (SIGCHLD) received from 28
2026/05/17 19:33:34 [notice] 1#1: worker process 28 exited with code 0
2026/05/17 19:33:34 [notice] 1#1: worker process 32 exited with code 0
2026/05/17 19:33:34 [notice] 1#1: worker process 33 exited with code 0
2026/05/17 19:33:34 [notice] 1#1: worker process 36 exited with code 0
2026/05/17 19:33:34 [notice] 1#1: worker process 37 exited with code 0
2026/05/17 19:33:34 [notice] 1#1: worker process 38 exited with code 0
2026/05/17 19:33:34 [notice] 1#1: worker process 39 exited with code 0
2026/05/17 19:33:34 [notice] 1#1: worker process 40 exited with code 0
2026/05/17 19:33:34 [notice] 1#1: exit
2026/05/17 19:33:35 [notice] 1#1: using the "epoll" event method
2026/05/17 19:33:35 [notice] 1#1: nginx/1.28.2
2026/05/17 19:33:35 [notice] 1#1: built by gcc 14.2.0 (Debian 14.2.0-19) 
2026/05/17 19:33:35 [notice] 1#1: OS: Linux 6.6.87.2-microsoft-standard-WSL2
2026/05/17 19:33:35 [notice] 1#1: getrlimit(RLIMIT_NOFILE): 1048576:1048576
2026/05/17 19:33:35 [notice] 1#1: start worker processes
2026/05/17 19:33:35 [notice] 1#1: start worker process 21
2026/05/17 19:33:35 [notice] 1#1: start worker process 22
2026/05/17 19:33:35 [notice] 1#1: start worker process 23
2026/05/17 19:33:35 [notice] 1#1: start worker process 24
2026/05/17 19:33:35 [notice] 1#1: start worker process 25
2026/05/17 19:33:35 [notice] 1#1: start worker process 26
2026/05/17 19:33:35 [notice] 1#1: start worker process 27
2026/05/17 19:33:35 [notice] 1#1: start worker process 28
2026/05/17 19:33:35 [notice] 1#1: start worker process 29
2026/05/17 19:33:35 [notice] 1#1: start worker process 30
2026/05/17 19:33:35 [notice] 1#1: start worker process 31
2026/05/17 19:33:35 [notice] 1#1: start worker process 32
2026/05/17 19:33:35 [notice] 1#1: start worker process 33
2026/05/17 19:33:35 [notice] 1#1: start worker process 34
2026/05/17 19:33:35 [notice] 1#1: start worker process 35
2026/05/17 19:33:35 [notice] 1#1: start worker process 36
2026/05/17 19:33:35 [notice] 1#1: start worker process 37
2026/05/17 19:33:35 [notice] 1#1: start worker process 38
2026/05/17 19:33:35 [notice] 1#1: start worker process 39
2026/05/17 19:33:35 [notice] 1#1: start worker process 40
2026/05/17 21:31:02 [notice] 1#1: signal 3 (SIGQUIT) received, shutting down
2026/05/17 21:31:02 [notice] 21#21: gracefully shutting down
2026/05/17 21:31:02 [notice] 22#22: gracefully shutting down
2026/05/17 21:31:02 [notice] 23#23: gracefully shutting down
2026/05/17 21:31:02 [notice] 25#25: gracefully shutting down
2026/05/17 21:31:02 [notice] 24#24: gracefully shutting down
2026/05/17 21:31:02 [notice] 27#27: gracefully shutting down
2026/05/17 21:31:02 [notice] 28#28: gracefully shutting down
2026/05/17 21:31:02 [notice] 26#26: gracefully shutting down
2026/05/17 21:31:02 [notice] 29#29: gracefully shutting down
2026/05/17 21:31:02 [notice] 30#30: gracefully shutting down
2026/05/17 21:31:02 [notice] 31#31: gracefully shutting down
2026/05/17 21:31:02 [notice] 32#32: gracefully shutting down
2026/05/17 21:31:02 [notice] 34#34: gracefully shutting down
2026/05/17 21:31:02 [notice] 33#33: gracefully shutting down
2026/05/17 21:31:02 [notice] 35#35: gracefully shutting down
2026/05/17 21:31:02 [notice] 36#36: gracefully shutting down
2026/05/17 21:31:02 [notice] 39#39: gracefully shutting down
2026/05/17 21:31:02 [notice] 37#37: gracefully shutting down
2026/05/17 21:31:02 [notice] 40#40: gracefully shutting down
2026/05/17 21:31:02 [notice] 38#38: gracefully shutting down
2026/05/17 21:31:02 [notice] 21#21: exiting
2026/05/17 21:31:02 [notice] 22#22: exiting
2026/05/17 21:31:02 [notice] 23#23: exiting
2026/05/17 21:31:02 [notice] 25#25: exiting
2026/05/17 21:31:02 [notice] 24#24: exiting
2026/05/17 21:31:02 [notice] 27#27: exiting
2026/05/17 21:31:02 [notice] 28#28: exiting
2026/05/17 21:31:02 [notice] 26#26: exiting
2026/05/17 21:31:02 [notice] 29#29: exiting
2026/05/17 21:31:02 [notice] 30#30: exiting
2026/05/17 21:31:02 [notice] 31#31: exiting
2026/05/17 21:31:02 [notice] 32#32: exiting
2026/05/17 21:31:02 [notice] 34#34: exiting
2026/05/17 21:31:02 [notice] 33#33: exiting
2026/05/17 21:31:02 [notice] 35#35: exiting
2026/05/17 21:31:02 [notice] 36#36: exiting
2026/05/17 21:31:02 [notice] 39#39: exiting
2026/05/17 21:31:02 [notice] 37#37: exiting
2026/05/17 21:31:02 [notice] 40#40: exiting
2026/05/17 21:31:02 [notice] 38#38: exiting
2026/05/17 21:31:02 [notice] 40#40: exit
2026/05/17 21:31:02 [notice] 21#21: exit
2026/05/17 21:31:02 [notice] 22#22: exit
2026/05/17 21:31:02 [notice] 23#23: exit
2026/05/17 21:31:02 [notice] 25#25: exit
2026/05/17 21:31:02 [notice] 24#24: exit
2026/05/17 21:31:02 [notice] 27#27: exit
2026/05/17 21:31:02 [notice] 28#28: exit
2026/05/17 21:31:02 [notice] 26#26: exit
2026/05/17 21:31:02 [notice] 29#29: exit
2026/05/17 21:31:02 [notice] 30#30: exit
2026/05/17 21:31:02 [notice] 31#31: exit
2026/05/17 21:31:02 [notice] 32#32: exit
2026/05/17 21:31:02 [notice] 34#34: exit
2026/05/17 21:31:02 [notice] 33#33: exit
2026/05/17 21:31:02 [notice] 35#35: exit
2026/05/17 21:31:02 [notice] 36#36: exit
2026/05/17 21:31:02 [notice] 39#39: exit
2026/05/17 21:31:02 [notice] 37#37: exit
2026/05/17 21:31:02 [notice] 38#38: exit
2026/05/17 21:31:03 [notice] 1#1: signal 17 (SIGCHLD) received from 26
2026/05/17 21:31:03 [notice] 1#1: worker process 26 exited with code 0
2026/05/17 21:31:03 [notice] 1#1: signal 29 (SIGIO) received
2026/05/17 21:31:03 [notice] 1#1: signal 17 (SIGCHLD) received from 23
2026/05/17 21:31:03 [notice] 1#1: worker process 23 exited with code 0
2026/05/17 21:31:03 [notice] 1#1: worker process 24 exited with code 0
2026/05/17 21:31:03 [notice] 1#1: worker process 27 exited with code 0
2026/05/17 21:31:03 [notice] 1#1: signal 29 (SIGIO) received
2026/05/17 21:31:03 [notice] 1#1: signal 17 (SIGCHLD) received from 27
2026/05/17 21:31:03 [notice] 1#1: signal 17 (SIGCHLD) received from 39
2026/05/17 21:31:03 [notice] 1#1: worker process 22 exited with code 0
2026/05/17 21:31:03 [notice] 1#1: worker process 21 exited with code 0
2026/05/17 21:31:03 [notice] 1#1: worker process 25 exited with code 0
2026/05/17 21:31:03 [notice] 1#1: worker process 29 exited with code 0
2026/05/17 21:31:03 [notice] 1#1: worker process 30 exited with code 0
2026/05/17 21:31:03 [notice] 1#1: worker process 31 exited with code 0
2026/05/17 21:31:03 [notice] 1#1: worker process 32 exited with code 0
2026/05/17 21:31:03 [notice] 1#1: worker process 33 exited with code 0
2026/05/17 21:31:03 [notice] 1#1: worker process 34 exited with code 0
2026/05/17 21:31:03 [notice] 1#1: worker process 35 exited with code 0
2026/05/17 21:31:03 [notice] 1#1: worker process 36 exited with code 0
2026/05/17 21:31:03 [notice] 1#1: worker process 37 exited with code 0
2026/05/17 21:31:03 [notice] 1#1: worker process 38 exited with code 0
2026/05/17 21:31:03 [notice] 1#1: worker process 39 exited with code 0
2026/05/17 21:31:03 [notice] 1#1: worker process 40 exited with code 0
2026/05/17 21:31:03 [notice] 1#1: signal 29 (SIGIO) received
2026/05/17 21:31:03 [notice] 1#1: signal 17 (SIGCHLD) received from 38
2026/05/17 21:31:03 [notice] 1#1: signal 17 (SIGCHLD) received from 28
2026/05/17 21:31:03 [notice] 1#1: worker process 28 exited with code 0
2026/05/17 21:31:03 [notice] 1#1: exit
2026/05/17 21:31:03 [notice] 1#1: using the "epoll" event method
2026/05/17 21:31:03 [notice] 1#1: nginx/1.28.2
2026/05/17 21:31:03 [notice] 1#1: built by gcc 14.2.0 (Debian 14.2.0-19) 
2026/05/17 21:31:03 [notice] 1#1: OS: Linux 6.6.87.2-microsoft-standard-WSL2
2026/05/17 21:31:03 [notice] 1#1: getrlimit(RLIMIT_NOFILE): 1048576:1048576
2026/05/17 21:31:03 [notice] 1#1: start worker processes
2026/05/17 21:31:03 [notice] 1#1: start worker process 21
2026/05/17 21:31:03 [notice] 1#1: start worker process 22
2026/05/17 21:31:03 [notice] 1#1: start worker process 23
2026/05/17 21:31:03 [notice] 1#1: start worker process 24
2026/05/17 21:31:03 [notice] 1#1: start worker process 25
2026/05/17 21:31:03 [notice] 1#1: start worker process 26
2026/05/17 21:31:03 [notice] 1#1: start worker process 27
2026/05/17 21:31:03 [notice] 1#1: start worker process 28
2026/05/17 21:31:03 [notice] 1#1: start worker process 29
2026/05/17 21:31:03 [notice] 1#1: start worker process 30
2026/05/17 21:31:03 [notice] 1#1: start worker process 31
2026/05/17 21:31:03 [notice] 1#1: start worker process 32
2026/05/17 21:31:03 [notice] 1#1: start worker process 33
2026/05/17 21:31:03 [notice] 1#1: start worker process 34
2026/05/17 21:31:03 [notice] 1#1: start worker process 35
2026/05/17 21:31:03 [notice] 1#1: start worker process 36
2026/05/17 21:31:03 [notice] 1#1: start worker process 37
2026/05/17 21:31:03 [notice] 1#1: start worker process 38
2026/05/17 21:31:03 [notice] 1#1: start worker process 39
2026/05/17 21:31:03 [notice] 1#1: start worker process 40
2026/05/17 21:37:14 [notice] 1#1: signal 3 (SIGQUIT) received, shutting down
2026/05/17 21:37:14 [notice] 21#21: gracefully shutting down
2026/05/17 21:37:14 [notice] 40#40: gracefully shutting down
2026/05/17 21:37:14 [notice] 22#22: gracefully shutting down
2026/05/17 21:37:14 [notice] 24#24: gracefully shutting down
2026/05/17 21:37:14 [notice] 25#25: gracefully shutting down
2026/05/17 21:37:14 [notice] 26#26: gracefully shutting down
2026/05/17 21:37:14 [notice] 30#30: gracefully shutting down
2026/05/17 21:37:14 [notice] 32#32: gracefully shutting down
2026/05/17 21:37:14 [notice] 23#23: gracefully shutting down
2026/05/17 21:37:14 [notice] 32#32: exiting
2026/05/17 21:37:14 [notice] 31#31: gracefully shutting down
2026/05/17 21:37:14 [notice] 33#33: gracefully shutting down
2026/05/17 21:37:14 [notice] 36#36: gracefully shutting down
2026/05/17 21:37:14 [notice] 27#27: gracefully shutting down
2026/05/17 21:37:14 [notice] 35#35: gracefully shutting down
2026/05/17 21:37:14 [notice] 28#28: gracefully shutting down
2026/05/17 21:37:14 [notice] 29#29: gracefully shutting down
2026/05/17 21:37:14 [notice] 39#39: gracefully shutting down
2026/05/17 21:37:14 [notice] 34#34: gracefully shutting down
2026/05/17 21:37:14 [notice] 38#38: gracefully shutting down
2026/05/17 21:37:14 [notice] 37#37: gracefully shutting down
2026/05/17 21:37:14 [notice] 38#38: exiting
2026/05/17 21:37:14 [notice] 21#21: exiting
2026/05/17 21:37:14 [notice] 40#40: exiting
2026/05/17 21:37:14 [notice] 22#22: exiting
2026/05/17 21:37:14 [notice] 24#24: exiting
2026/05/17 21:37:14 [notice] 25#25: exiting
2026/05/17 21:37:14 [notice] 26#26: exiting
2026/05/17 21:37:14 [notice] 30#30: exiting
2026/05/17 21:37:14 [notice] 23#23: exiting
2026/05/17 21:37:14 [notice] 32#32: exit
2026/05/17 21:37:14 [notice] 31#31: exiting
2026/05/17 21:37:14 [notice] 36#36: exiting
2026/05/17 21:37:14 [notice] 33#33: exiting
2026/05/17 21:37:14 [notice] 27#27: exiting
2026/05/17 21:37:14 [notice] 35#35: exiting
2026/05/17 21:37:14 [notice] 28#28: exiting
2026/05/17 21:37:14 [notice] 29#29: exiting
2026/05/17 21:37:14 [notice] 39#39: exiting
2026/05/17 21:37:14 [notice] 34#34: exiting
2026/05/17 21:37:14 [notice] 37#37: exiting
2026/05/17 21:37:14 [notice] 38#38: exit
2026/05/17 21:37:14 [notice] 21#21: exit
2026/05/17 21:37:14 [notice] 40#40: exit
2026/05/17 21:37:14 [notice] 22#22: exit
2026/05/17 21:37:14 [notice] 24#24: exit
2026/05/17 21:37:14 [notice] 25#25: exit
2026/05/17 21:37:14 [notice] 26#26: exit
2026/05/17 21:37:14 [notice] 30#30: exit
2026/05/17 21:37:14 [notice] 23#23: exit
2026/05/17 21:37:14 [notice] 31#31: exit
2026/05/17 21:37:14 [notice] 36#36: exit
2026/05/17 21:37:14 [notice] 33#33: exit
2026/05/17 21:37:14 [notice] 27#27: exit
2026/05/17 21:37:14 [notice] 35#35: exit
2026/05/17 21:37:14 [notice] 28#28: exit
2026/05/17 21:37:14 [notice] 29#29: exit
2026/05/17 21:37:14 [notice] 39#39: exit
2026/05/17 21:37:14 [notice] 34#34: exit
2026/05/17 21:37:14 [notice] 37#37: exit
2026/05/17 21:37:14 [notice] 1#1: signal 17 (SIGCHLD) received from 27
2026/05/17 21:37:14 [notice] 1#1: worker process 23 exited with code 0
2026/05/17 21:37:14 [notice] 1#1: worker process 24 exited with code 0
2026/05/17 21:37:14 [notice] 1#1: worker process 26 exited with code 0
2026/05/17 21:37:14 [notice] 1#1: worker process 27 exited with code 0
2026/05/17 21:37:14 [notice] 1#1: worker process 33 exited with code 0
2026/05/17 21:37:14 [notice] 1#1: worker process 35 exited with code 0
2026/05/17 21:37:14 [notice] 1#1: worker process 38 exited with code 0
2026/05/17 21:37:14 [notice] 1#1: signal 29 (SIGIO) received
2026/05/17 21:37:14 [notice] 1#1: signal 17 (SIGCHLD) received from 32
2026/05/17 21:37:14 [notice] 1#1: worker process 21 exited with code 0
2026/05/17 21:37:14 [notice] 1#1: worker process 22 exited with code 0
2026/05/17 21:37:14 [notice] 1#1: worker process 25 exited with code 0
2026/05/17 21:37:14 [notice] 1#1: worker process 28 exited with code 0
2026/05/17 21:37:14 [notice] 1#1: worker process 30 exited with code 0
2026/05/17 21:37:14 [notice] 1#1: worker process 31 exited with code 0
2026/05/17 21:37:14 [notice] 1#1: worker process 32 exited with code 0
2026/05/17 21:37:14 [notice] 1#1: worker process 34 exited with code 0
2026/05/17 21:37:14 [notice] 1#1: worker process 36 exited with code 0
2026/05/17 21:37:14 [notice] 1#1: worker process 37 exited with code 0
2026/05/17 21:37:14 [notice] 1#1: worker process 39 exited with code 0
2026/05/17 21:37:14 [notice] 1#1: worker process 40 exited with code 0
2026/05/17 21:37:14 [notice] 1#1: signal 29 (SIGIO) received
2026/05/17 21:37:14 [notice] 1#1: signal 17 (SIGCHLD) received from 28
2026/05/17 21:37:14 [notice] 1#1: signal 17 (SIGCHLD) received from 29
2026/05/17 21:37:14 [notice] 1#1: worker process 29 exited with code 0
2026/05/17 21:37:14 [notice] 1#1: exit
2026/05/17 21:37:15 [notice] 1#1: using the "epoll" event method
2026/05/17 21:37:15 [notice] 1#1: nginx/1.28.2
2026/05/17 21:37:15 [notice] 1#1: built by gcc 14.2.0 (Debian 14.2.0-19) 
2026/05/17 21:37:15 [notice] 1#1: OS: Linux 6.6.87.2-microsoft-standard-WSL2
2026/05/17 21:37:15 [notice] 1#1: getrlimit(RLIMIT_NOFILE): 1048576:1048576
2026/05/17 21:37:15 [notice] 1#1: start worker processes
2026/05/17 21:37:15 [notice] 1#1: start worker process 21
2026/05/17 21:37:15 [notice] 1#1: start worker process 22
2026/05/17 21:37:15 [notice] 1#1: start worker process 23
2026/05/17 21:37:15 [notice] 1#1: start worker process 24
2026/05/17 21:37:15 [notice] 1#1: start worker process 25
2026/05/17 21:37:15 [notice] 1#1: start worker process 26
2026/05/17 21:37:15 [notice] 1#1: start worker process 27
2026/05/17 21:37:15 [notice] 1#1: start worker process 28
2026/05/17 21:37:15 [notice] 1#1: start worker process 29
2026/05/17 21:37:15 [notice] 1#1: start worker process 30
2026/05/17 21:37:15 [notice] 1#1: start worker process 31
2026/05/17 21:37:15 [notice] 1#1: start worker process 32
2026/05/17 21:37:15 [notice] 1#1: start worker process 33
2026/05/17 21:37:15 [notice] 1#1: start worker process 34
2026/05/17 21:37:15 [notice] 1#1: start worker process 35
2026/05/17 21:37:15 [notice] 1#1: start worker process 36
2026/05/17 21:37:15 [notice] 1#1: start worker process 37
2026/05/17 21:37:15 [notice] 1#1: start worker process 38
2026/05/17 21:37:15 [notice] 1#1: start worker process 39
2026/05/17 21:37:15 [notice] 1#1: start worker process 40
2026/05/17 21:38:50 [notice] 1#1: signal 3 (SIGQUIT) received, shutting down
2026/05/17 21:38:50 [notice] 22#22: gracefully shutting down
2026/05/17 21:38:50 [notice] 24#24: gracefully shutting down
2026/05/17 21:38:50 [notice] 25#25: gracefully shutting down
2026/05/17 21:38:50 [notice] 26#26: gracefully shutting down
2026/05/17 21:38:50 [notice] 27#27: gracefully shutting down
2026/05/17 21:38:50 [notice] 29#29: gracefully shutting down
2026/05/17 21:38:50 [notice] 30#30: gracefully shutting down
2026/05/17 21:38:50 [notice] 31#31: gracefully shutting down
2026/05/17 21:38:50 [notice] 23#23: gracefully shutting down
2026/05/17 21:38:50 [notice] 32#32: gracefully shutting down
2026/05/17 21:38:50 [notice] 33#33: gracefully shutting down
2026/05/17 21:38:50 [notice] 21#21: gracefully shutting down
2026/05/17 21:38:50 [notice] 28#28: gracefully shutting down
2026/05/17 21:38:50 [notice] 34#34: gracefully shutting down
2026/05/17 21:38:50 [notice] 37#37: gracefully shutting down
2026/05/17 21:38:50 [notice] 39#39: gracefully shutting down
2026/05/17 21:38:50 [notice] 35#35: gracefully shutting down
2026/05/17 21:38:50 [notice] 40#40: gracefully shutting down
2026/05/17 21:38:50 [notice] 38#38: gracefully shutting down
2026/05/17 21:38:50 [notice] 36#36: gracefully shutting down
2026/05/17 21:38:50 [notice] 38#38: exiting
2026/05/17 21:38:50 [notice] 22#22: exiting
2026/05/17 21:38:50 [notice] 24#24: exiting
2026/05/17 21:38:50 [notice] 25#25: exiting
2026/05/17 21:38:50 [notice] 26#26: exiting
2026/05/17 21:38:50 [notice] 27#27: exiting
2026/05/17 21:38:50 [notice] 29#29: exiting
2026/05/17 21:38:50 [notice] 30#30: exiting
2026/05/17 21:38:50 [notice] 31#31: exiting
2026/05/17 21:38:50 [notice] 23#23: exiting
2026/05/17 21:38:50 [notice] 32#32: exiting
2026/05/17 21:38:50 [notice] 33#33: exiting
2026/05/17 21:38:50 [notice] 21#21: exiting
2026/05/17 21:38:50 [notice] 28#28: exiting
2026/05/17 21:38:50 [notice] 34#34: exiting
2026/05/17 21:38:50 [notice] 37#37: exiting
2026/05/17 21:38:50 [notice] 39#39: exiting
2026/05/17 21:38:50 [notice] 35#35: exiting
2026/05/17 21:38:50 [notice] 40#40: exiting
2026/05/17 21:38:50 [notice] 36#36: exiting
2026/05/17 21:38:50 [notice] 38#38: exit
2026/05/17 21:38:50 [notice] 22#22: exit
2026/05/17 21:38:50 [notice] 24#24: exit
2026/05/17 21:38:50 [notice] 25#25: exit
2026/05/17 21:38:50 [notice] 26#26: exit
2026/05/17 21:38:50 [notice] 27#27: exit
2026/05/17 21:38:50 [notice] 29#29: exit
2026/05/17 21:38:50 [notice] 30#30: exit
2026/05/17 21:38:50 [notice] 31#31: exit
2026/05/17 21:38:50 [notice] 23#23: exit
2026/05/17 21:38:50 [notice] 32#32: exit
2026/05/17 21:38:50 [notice] 33#33: exit
2026/05/17 21:38:50 [notice] 21#21: exit
2026/05/17 21:38:50 [notice] 28#28: exit
2026/05/17 21:38:50 [notice] 34#34: exit
2026/05/17 21:38:50 [notice] 37#37: exit
2026/05/17 21:38:50 [notice] 39#39: exit
2026/05/17 21:38:50 [notice] 35#35: exit
2026/05/17 21:38:50 [notice] 40#40: exit
2026/05/17 21:38:50 [notice] 36#36: exit
2026/05/17 21:38:50 [notice] 1#1: signal 17 (SIGCHLD) received from 21
2026/05/17 21:38:50 [notice] 1#1: worker process 21 exited with code 0
2026/05/17 21:38:50 [notice] 1#1: signal 29 (SIGIO) received
2026/05/17 21:38:50 [notice] 1#1: signal 17 (SIGCHLD) received from 29
2026/05/17 21:38:50 [notice] 1#1: worker process 29 exited with code 0
2026/05/17 21:38:50 [notice] 1#1: worker process 33 exited with code 0
2026/05/17 21:38:50 [notice] 1#1: worker process 40 exited with code 0
2026/05/17 21:38:50 [notice] 1#1: signal 29 (SIGIO) received
2026/05/17 21:38:50 [notice] 1#1: signal 17 (SIGCHLD) received from 27
2026/05/17 21:38:50 [notice] 1#1: worker process 27 exited with code 0
2026/05/17 21:38:50 [notice] 1#1: signal 29 (SIGIO) received
2026/05/17 21:38:50 [notice] 1#1: signal 17 (SIGCHLD) received from 32
2026/05/17 21:38:50 [notice] 1#1: worker process 22 exited with code 0
2026/05/17 21:38:50 [notice] 1#1: worker process 23 exited with code 0
2026/05/17 21:38:50 [notice] 1#1: worker process 24 exited with code 0
2026/05/17 21:38:50 [notice] 1#1: worker process 25 exited with code 0
2026/05/17 21:38:50 [notice] 1#1: worker process 26 exited with code 0
2026/05/17 21:38:50 [notice] 1#1: worker process 28 exited with code 0
2026/05/17 21:38:50 [notice] 1#1: worker process 30 exited with code 0
2026/05/17 21:38:50 [notice] 1#1: worker process 31 exited with code 0
2026/05/17 21:38:50 [notice] 1#1: worker process 32 exited with code 0
2026/05/17 21:38:50 [notice] 1#1: worker process 34 exited with code 0
2026/05/17 21:38:50 [notice] 1#1: worker process 35 exited with code 0
2026/05/17 21:38:50 [notice] 1#1: worker process 36 exited with code 0
2026/05/17 21:38:50 [notice] 1#1: worker process 37 exited with code 0
2026/05/17 21:38:50 [notice] 1#1: worker process 38 exited with code 0
2026/05/17 21:38:50 [notice] 1#1: worker process 39 exited with code 0
2026/05/17 21:38:50 [notice] 1#1: exit
2026/05/17 21:38:51 [notice] 1#1: using the "epoll" event method
2026/05/17 21:38:51 [notice] 1#1: nginx/1.28.2
2026/05/17 21:38:51 [notice] 1#1: built by gcc 14.2.0 (Debian 14.2.0-19) 
2026/05/17 21:38:51 [notice] 1#1: OS: Linux 6.6.87.2-microsoft-standard-WSL2
2026/05/17 21:38:51 [notice] 1#1: getrlimit(RLIMIT_NOFILE): 1048576:1048576
2026/05/17 21:38:51 [notice] 1#1: start worker processes
2026/05/17 21:38:51 [notice] 1#1: start worker process 21
2026/05/17 21:38:51 [notice] 1#1: start worker process 22
2026/05/17 21:38:51 [notice] 1#1: start worker process 23
2026/05/17 21:38:51 [notice] 1#1: start worker process 24
2026/05/17 21:38:51 [notice] 1#1: start worker process 25
2026/05/17 21:38:51 [notice] 1#1: start worker process 26
2026/05/17 21:38:51 [notice] 1#1: start worker process 27
2026/05/17 21:38:51 [notice] 1#1: start worker process 28
2026/05/17 21:38:51 [notice] 1#1: start worker process 29
2026/05/17 21:38:51 [notice] 1#1: start worker process 30
2026/05/17 21:38:51 [notice] 1#1: start worker process 31
2026/05/17 21:38:51 [notice] 1#1: start worker process 32
2026/05/17 21:38:51 [notice] 1#1: start worker process 33
2026/05/17 21:38:51 [notice] 1#1: start worker process 34
2026/05/17 21:38:51 [notice] 1#1: start worker process 35
2026/05/17 21:38:51 [notice] 1#1: start worker process 36
2026/05/17 21:38:51 [notice] 1#1: start worker process 37
2026/05/17 21:38:51 [notice] 1#1: start worker process 38
2026/05/17 21:38:51 [notice] 1#1: start worker process 39
2026/05/17 21:38:51 [notice] 1#1: start worker process 40
2026/05/17 21:40:25 [notice] 1#1: signal 3 (SIGQUIT) received, shutting down
2026/05/17 21:40:25 [notice] 22#22: gracefully shutting down
2026/05/17 21:40:25 [notice] 23#23: gracefully shutting down
2026/05/17 21:40:25 [notice] 24#24: gracefully shutting down
2026/05/17 21:40:25 [notice] 24#24: exiting
2026/05/17 21:40:25 [notice] 25#25: gracefully shutting down
2026/05/17 21:40:25 [notice] 21#21: gracefully shutting down
2026/05/17 21:40:25 [notice] 27#27: gracefully shutting down
2026/05/17 21:40:25 [notice] 28#28: gracefully shutting down
2026/05/17 21:40:25 [notice] 26#26: gracefully shutting down
2026/05/17 21:40:25 [notice] 29#29: gracefully shutting down
2026/05/17 21:40:25 [notice] 30#30: gracefully shutting down
2026/05/17 21:40:25 [notice] 31#31: gracefully shutting down
2026/05/17 21:40:25 [notice] 32#32: gracefully shutting down
2026/05/17 21:40:25 [notice] 34#34: gracefully shutting down
2026/05/17 21:40:25 [notice] 33#33: gracefully shutting down
2026/05/17 21:40:25 [notice] 35#35: gracefully shutting down
2026/05/17 21:40:25 [notice] 37#37: gracefully shutting down
2026/05/17 21:40:25 [notice] 36#36: gracefully shutting down
2026/05/17 21:40:25 [notice] 38#38: gracefully shutting down
2026/05/17 21:40:25 [notice] 39#39: gracefully shutting down
2026/05/17 21:40:25 [notice] 40#40: gracefully shutting down
2026/05/17 21:40:25 [notice] 22#22: exiting
2026/05/17 21:40:25 [notice] 23#23: exiting
2026/05/17 21:40:25 [notice] 24#24: exit
2026/05/17 21:40:25 [notice] 25#25: exiting
2026/05/17 21:40:25 [notice] 21#21: exiting
2026/05/17 21:40:25 [notice] 27#27: exiting
2026/05/17 21:40:25 [notice] 28#28: exiting
2026/05/17 21:40:25 [notice] 26#26: exiting
2026/05/17 21:40:25 [notice] 29#29: exiting
2026/05/17 21:40:25 [notice] 30#30: exiting
2026/05/17 21:40:25 [notice] 31#31: exiting
2026/05/17 21:40:25 [notice] 32#32: exiting
2026/05/17 21:40:25 [notice] 34#34: exiting
2026/05/17 21:40:25 [notice] 33#33: exiting
2026/05/17 21:40:25 [notice] 35#35: exiting
2026/05/17 21:40:25 [notice] 37#37: exiting
2026/05/17 21:40:25 [notice] 36#36: exiting
2026/05/17 21:40:25 [notice] 38#38: exiting
2026/05/17 21:40:25 [notice] 39#39: exiting
2026/05/17 21:40:25 [notice] 40#40: exiting
2026/05/17 21:40:25 [notice] 22#22: exit
2026/05/17 21:40:25 [notice] 23#23: exit
2026/05/17 21:40:25 [notice] 25#25: exit
2026/05/17 21:40:25 [notice] 21#21: exit
2026/05/17 21:40:25 [notice] 27#27: exit
2026/05/17 21:40:25 [notice] 28#28: exit
2026/05/17 21:40:25 [notice] 26#26: exit
2026/05/17 21:40:25 [notice] 29#29: exit
2026/05/17 21:40:25 [notice] 30#30: exit
2026/05/17 21:40:25 [notice] 31#31: exit
2026/05/17 21:40:25 [notice] 32#32: exit
2026/05/17 21:40:25 [notice] 34#34: exit
2026/05/17 21:40:25 [notice] 33#33: exit
2026/05/17 21:40:25 [notice] 35#35: exit
2026/05/17 21:40:25 [notice] 37#37: exit
2026/05/17 21:40:25 [notice] 36#36: exit
2026/05/17 21:40:25 [notice] 38#38: exit
2026/05/17 21:40:25 [notice] 39#39: exit
2026/05/17 21:40:25 [notice] 40#40: exit
2026/05/17 21:40:25 [notice] 1#1: signal 17 (SIGCHLD) received from 24
2026/05/17 21:40:25 [notice] 1#1: worker process 21 exited with code 0
2026/05/17 21:40:25 [notice] 1#1: worker process 24 exited with code 0
2026/05/17 21:40:25 [notice] 1#1: worker process 32 exited with code 0
2026/05/17 21:40:25 [notice] 1#1: worker process 38 exited with code 0
2026/05/17 21:40:25 [notice] 1#1: worker process 40 exited with code 0
2026/05/17 21:40:25 [notice] 1#1: signal 29 (SIGIO) received
2026/05/17 21:40:25 [notice] 1#1: signal 17 (SIGCHLD) received from 21
2026/05/17 21:40:25 [notice] 1#1: signal 17 (SIGCHLD) received from 25
2026/05/17 21:40:25 [notice] 1#1: worker process 25 exited with code 0
2026/05/17 21:40:25 [notice] 1#1: signal 29 (SIGIO) received
2026/05/17 21:40:25 [notice] 1#1: signal 17 (SIGCHLD) received from 27
2026/05/17 21:40:25 [notice] 1#1: worker process 22 exited with code 0
2026/05/17 21:40:25 [notice] 1#1: worker process 23 exited with code 0
2026/05/17 21:40:25 [notice] 1#1: worker process 27 exited with code 0
2026/05/17 21:40:25 [notice] 1#1: worker process 28 exited with code 0
2026/05/17 21:40:25 [notice] 1#1: worker process 29 exited with code 0
2026/05/17 21:40:25 [notice] 1#1: worker process 31 exited with code 0
2026/05/17 21:40:25 [notice] 1#1: worker process 33 exited with code 0
2026/05/17 21:40:25 [notice] 1#1: worker process 35 exited with code 0
2026/05/17 21:40:25 [notice] 1#1: worker process 39 exited with code 0
2026/05/17 21:40:25 [notice] 1#1: signal 29 (SIGIO) received
2026/05/17 21:40:25 [notice] 1#1: signal 17 (SIGCHLD) received from 31
2026/05/17 21:40:25 [notice] 1#1: worker process 26 exited with code 0
2026/05/17 21:40:25 [notice] 1#1: signal 29 (SIGIO) received
2026/05/17 21:40:25 [notice] 1#1: signal 17 (SIGCHLD) received from 26
2026/05/17 21:40:25 [notice] 1#1: signal 17 (SIGCHLD) received from 36
2026/05/17 21:40:25 [notice] 1#1: worker process 30 exited with code 0
2026/05/17 21:40:25 [notice] 1#1: worker process 34 exited with code 0
2026/05/17 21:40:25 [notice] 1#1: worker process 36 exited with code 0
2026/05/17 21:40:25 [notice] 1#1: worker process 37 exited with code 0
2026/05/17 21:40:25 [notice] 1#1: exit
2026/05/17 21:40:25 [notice] 1#1: using the "epoll" event method
2026/05/17 21:40:25 [notice] 1#1: nginx/1.28.2
2026/05/17 21:40:25 [notice] 1#1: built by gcc 14.2.0 (Debian 14.2.0-19) 
2026/05/17 21:40:25 [notice] 1#1: OS: Linux 6.6.87.2-microsoft-standard-WSL2
2026/05/17 21:40:25 [notice] 1#1: getrlimit(RLIMIT_NOFILE): 1048576:1048576
2026/05/17 21:40:25 [notice] 1#1: start worker processes
2026/05/17 21:40:25 [notice] 1#1: start worker process 21
2026/05/17 21:40:25 [notice] 1#1: start worker process 22
2026/05/17 21:40:25 [notice] 1#1: start worker process 23
2026/05/17 21:40:25 [notice] 1#1: start worker process 24
2026/05/17 21:40:25 [notice] 1#1: start worker process 25
2026/05/17 21:40:25 [notice] 1#1: start worker process 26
2026/05/17 21:40:25 [notice] 1#1: start worker process 27
2026/05/17 21:40:25 [notice] 1#1: start worker process 28
2026/05/17 21:40:25 [notice] 1#1: start worker process 29
2026/05/17 21:40:25 [notice] 1#1: start worker process 30
2026/05/17 21:40:25 [notice] 1#1: start worker process 31
2026/05/17 21:40:25 [notice] 1#1: start worker process 32
2026/05/17 21:40:25 [notice] 1#1: start worker process 33
2026/05/17 21:40:25 [notice] 1#1: start worker process 34
2026/05/17 21:40:25 [notice] 1#1: start worker process 35
2026/05/17 21:40:25 [notice] 1#1: start worker process 36
2026/05/17 21:40:25 [notice] 1#1: start worker process 37
2026/05/17 21:40:25 [notice] 1#1: start worker process 38
2026/05/17 21:40:25 [notice] 1#1: start worker process 39
2026/05/17 21:40:25 [notice] 1#1: start worker process 40
2026/05/17 21:41:15 [notice] 1#1: signal 3 (SIGQUIT) received, shutting down
2026/05/17 21:41:15 [notice] 21#21: gracefully shutting down
2026/05/17 21:41:15 [notice] 39#39: gracefully shutting down
2026/05/17 21:41:15 [notice] 22#22: gracefully shutting down
2026/05/17 21:41:15 [notice] 23#23: gracefully shutting down
2026/05/17 21:41:15 [notice] 24#24: gracefully shutting down
2026/05/17 21:41:15 [notice] 24#24: exiting
2026/05/17 21:41:15 [notice] 26#26: gracefully shutting down
2026/05/17 21:41:15 [notice] 25#25: gracefully shutting down
2026/05/17 21:41:15 [notice] 27#27: gracefully shutting down
2026/05/17 21:41:15 [notice] 29#29: gracefully shutting down
2026/05/17 21:41:15 [notice] 31#31: gracefully shutting down
2026/05/17 21:41:15 [notice] 30#30: gracefully shutting down
2026/05/17 21:41:15 [notice] 32#32: gracefully shutting down
2026/05/17 21:41:15 [notice] 33#33: gracefully shutting down
2026/05/17 21:41:15 [notice] 28#28: gracefully shutting down
2026/05/17 21:41:15 [notice] 34#34: gracefully shutting down
2026/05/17 21:41:15 [notice] 35#35: gracefully shutting down
2026/05/17 21:41:15 [notice] 36#36: gracefully shutting down
2026/05/17 21:41:15 [notice] 37#37: gracefully shutting down
2026/05/17 21:41:15 [notice] 40#40: gracefully shutting down
2026/05/17 21:41:15 [notice] 21#21: exiting
2026/05/17 21:41:15 [notice] 38#38: gracefully shutting down
2026/05/17 21:41:15 [notice] 39#39: exiting
2026/05/17 21:41:15 [notice] 22#22: exiting
2026/05/17 21:41:15 [notice] 23#23: exiting
2026/05/17 21:41:15 [notice] 24#24: exit
2026/05/17 21:41:15 [notice] 26#26: exiting
2026/05/17 21:41:15 [notice] 25#25: exiting
2026/05/17 21:41:15 [notice] 27#27: exiting
2026/05/17 21:41:15 [notice] 29#29: exiting
2026/05/17 21:41:15 [notice] 31#31: exiting
2026/05/17 21:41:15 [notice] 30#30: exiting
2026/05/17 21:41:15 [notice] 32#32: exiting
2026/05/17 21:41:15 [notice] 33#33: exiting
2026/05/17 21:41:15 [notice] 28#28: exiting
2026/05/17 21:41:15 [notice] 34#34: exiting
2026/05/17 21:41:15 [notice] 35#35: exiting
2026/05/17 21:41:15 [notice] 36#36: exiting
2026/05/17 21:41:15 [notice] 37#37: exiting
2026/05/17 21:41:15 [notice] 40#40: exiting
2026/05/17 21:41:15 [notice] 21#21: exit
2026/05/17 21:41:15 [notice] 38#38: exiting
2026/05/17 21:41:15 [notice] 39#39: exit
2026/05/17 21:41:15 [notice] 22#22: exit
2026/05/17 21:41:15 [notice] 23#23: exit
2026/05/17 21:41:15 [notice] 26#26: exit
2026/05/17 21:41:15 [notice] 25#25: exit
2026/05/17 21:41:15 [notice] 27#27: exit
2026/05/17 21:41:15 [notice] 29#29: exit
2026/05/17 21:41:15 [notice] 31#31: exit
2026/05/17 21:41:15 [notice] 30#30: exit
2026/05/17 21:41:15 [notice] 32#32: exit
2026/05/17 21:41:15 [notice] 33#33: exit
2026/05/17 21:41:15 [notice] 28#28: exit
2026/05/17 21:41:15 [notice] 34#34: exit
2026/05/17 21:41:15 [notice] 35#35: exit
2026/05/17 21:41:15 [notice] 36#36: exit
2026/05/17 21:41:15 [notice] 37#37: exit
2026/05/17 21:41:15 [notice] 40#40: exit
2026/05/17 21:41:15 [notice] 38#38: exit
2026/05/17 21:41:15 [notice] 1#1: signal 17 (SIGCHLD) received from 33
2026/05/17 21:41:15 [notice] 1#1: worker process 23 exited with code 0
2026/05/17 21:41:15 [notice] 1#1: worker process 29 exited with code 0
2026/05/17 21:41:15 [notice] 1#1: worker process 33 exited with code 0
2026/05/17 21:41:15 [notice] 1#1: worker process 40 exited with code 0
2026/05/17 21:41:15 [notice] 1#1: signal 29 (SIGIO) received
2026/05/17 21:41:15 [notice] 1#1: signal 17 (SIGCHLD) received from 31
2026/05/17 21:41:15 [notice] 1#1: worker process 21 exited with code 0
2026/05/17 21:41:15 [notice] 1#1: worker process 22 exited with code 0
2026/05/17 21:41:15 [notice] 1#1: worker process 24 exited with code 0
2026/05/17 21:41:15 [notice] 1#1: worker process 25 exited with code 0
2026/05/17 21:41:15 [notice] 1#1: worker process 26 exited with code 0
2026/05/17 21:41:15 [notice] 1#1: worker process 28 exited with code 0
2026/05/17 21:41:15 [notice] 1#1: worker process 30 exited with code 0
2026/05/17 21:41:15 [notice] 1#1: worker process 31 exited with code 0
2026/05/17 21:41:15 [notice] 1#1: worker process 34 exited with code 0
2026/05/17 21:41:15 [notice] 1#1: worker process 35 exited with code 0
2026/05/17 21:41:15 [notice] 1#1: worker process 38 exited with code 0
2026/05/17 21:41:15 [notice] 1#1: signal 29 (SIGIO) received
2026/05/17 21:41:15 [notice] 1#1: signal 17 (SIGCHLD) received from 30
2026/05/17 21:41:15 [notice] 1#1: signal 17 (SIGCHLD) received from 27
2026/05/17 21:41:15 [notice] 1#1: worker process 27 exited with code 0
2026/05/17 21:41:15 [notice] 1#1: worker process 32 exited with code 0
2026/05/17 21:41:15 [notice] 1#1: worker process 39 exited with code 0
2026/05/17 21:41:15 [notice] 1#1: signal 29 (SIGIO) received
2026/05/17 21:41:15 [notice] 1#1: signal 17 (SIGCHLD) received from 36
2026/05/17 21:41:15 [notice] 1#1: worker process 36 exited with code 0
2026/05/17 21:41:15 [notice] 1#1: worker process 37 exited with code 0
2026/05/17 21:41:15 [notice] 1#1: exit
2026/05/17 21:41:15 [notice] 1#1: using the "epoll" event method
2026/05/17 21:41:15 [notice] 1#1: nginx/1.28.2
2026/05/17 21:41:15 [notice] 1#1: built by gcc 14.2.0 (Debian 14.2.0-19) 
2026/05/17 21:41:15 [notice] 1#1: OS: Linux 6.6.87.2-microsoft-standard-WSL2
2026/05/17 21:41:15 [notice] 1#1: getrlimit(RLIMIT_NOFILE): 1048576:1048576
2026/05/17 21:41:15 [notice] 1#1: start worker processes
2026/05/17 21:41:15 [notice] 1#1: start worker process 21
2026/05/17 21:41:15 [notice] 1#1: start worker process 22
2026/05/17 21:41:15 [notice] 1#1: start worker process 23
2026/05/17 21:41:15 [notice] 1#1: start worker process 24
2026/05/17 21:41:15 [notice] 1#1: start worker process 25
2026/05/17 21:41:15 [notice] 1#1: start worker process 26
2026/05/17 21:41:15 [notice] 1#1: start worker process 27
2026/05/17 21:41:15 [notice] 1#1: start worker process 28
2026/05/17 21:41:15 [notice] 1#1: start worker process 29
2026/05/17 21:41:15 [notice] 1#1: start worker process 30
2026/05/17 21:41:15 [notice] 1#1: start worker process 31
2026/05/17 21:41:15 [notice] 1#1: start worker process 32
2026/05/17 21:41:15 [notice] 1#1: start worker process 33
2026/05/17 21:41:15 [notice] 1#1: start worker process 34
2026/05/17 21:41:15 [notice] 1#1: start worker process 35
2026/05/17 21:41:15 [notice] 1#1: start worker process 36
2026/05/17 21:41:15 [notice] 1#1: start worker process 37
2026/05/17 21:41:15 [notice] 1#1: start worker process 38
2026/05/17 21:41:15 [notice] 1#1: start worker process 39
2026/05/17 21:41:15 [notice] 1#1: start worker process 40
2026/05/17 21:44:12 [notice] 1#1: signal 3 (SIGQUIT) received, shutting down
2026/05/17 21:44:12 [notice] 21#21: gracefully shutting down
2026/05/17 21:44:12 [notice] 30#30: gracefully shutting down
2026/05/17 21:44:12 [notice] 22#22: gracefully shutting down
2026/05/17 21:44:12 [notice] 23#23: gracefully shutting down
2026/05/17 21:44:12 [notice] 24#24: gracefully shutting down
2026/05/17 21:44:12 [notice] 27#27: gracefully shutting down
2026/05/17 21:44:12 [notice] 28#28: gracefully shutting down
2026/05/17 21:44:12 [notice] 25#25: gracefully shutting down
2026/05/17 21:44:12 [notice] 29#29: gracefully shutting down
2026/05/17 21:44:12 [notice] 31#31: gracefully shutting down
2026/05/17 21:44:12 [notice] 26#26: gracefully shutting down
2026/05/17 21:44:12 [notice] 33#33: gracefully shutting down
2026/05/17 21:44:12 [notice] 32#32: gracefully shutting down
2026/05/17 21:44:12 [notice] 21#21: exiting
2026/05/17 21:44:12 [notice] 34#34: gracefully shutting down
2026/05/17 21:44:12 [notice] 21#21: exit
2026/05/17 21:44:12 [notice] 36#36: gracefully shutting down
2026/05/17 21:44:12 [notice] 38#38: gracefully shutting down
2026/05/17 21:44:12 [notice] 35#35: gracefully shutting down
2026/05/17 21:44:12 [notice] 39#39: gracefully shutting down
2026/05/17 21:44:12 [notice] 40#40: gracefully shutting down
2026/05/17 21:44:12 [notice] 37#37: gracefully shutting down
2026/05/17 21:44:12 [notice] 30#30: exiting
2026/05/17 21:44:12 [notice] 22#22: exiting
2026/05/17 21:44:12 [notice] 23#23: exiting
2026/05/17 21:44:12 [notice] 24#24: exiting
2026/05/17 21:44:12 [notice] 27#27: exiting
2026/05/17 21:44:12 [notice] 28#28: exiting
2026/05/17 21:44:12 [notice] 25#25: exiting
2026/05/17 21:44:12 [notice] 29#29: exiting
2026/05/17 21:44:12 [notice] 31#31: exiting
2026/05/17 21:44:12 [notice] 26#26: exiting
2026/05/17 21:44:12 [notice] 33#33: exiting
2026/05/17 21:44:12 [notice] 32#32: exiting
2026/05/17 21:44:12 [notice] 34#34: exiting
2026/05/17 21:44:12 [notice] 36#36: exiting
2026/05/17 21:44:12 [notice] 38#38: exiting
2026/05/17 21:44:12 [notice] 35#35: exiting
2026/05/17 21:44:12 [notice] 39#39: exiting
2026/05/17 21:44:12 [notice] 40#40: exiting
2026/05/17 21:44:12 [notice] 37#37: exiting
2026/05/17 21:44:12 [notice] 30#30: exit
2026/05/17 21:44:12 [notice] 22#22: exit
2026/05/17 21:44:12 [notice] 23#23: exit
2026/05/17 21:44:12 [notice] 24#24: exit
2026/05/17 21:44:12 [notice] 27#27: exit
2026/05/17 21:44:12 [notice] 28#28: exit
2026/05/17 21:44:12 [notice] 25#25: exit
2026/05/17 21:44:12 [notice] 29#29: exit
2026/05/17 21:44:12 [notice] 31#31: exit
2026/05/17 21:44:12 [notice] 26#26: exit
2026/05/17 21:44:12 [notice] 33#33: exit
2026/05/17 21:44:12 [notice] 32#32: exit
2026/05/17 21:44:12 [notice] 34#34: exit
2026/05/17 21:44:12 [notice] 36#36: exit
2026/05/17 21:44:12 [notice] 38#38: exit
2026/05/17 21:44:12 [notice] 35#35: exit
2026/05/17 21:44:12 [notice] 39#39: exit
2026/05/17 21:44:12 [notice] 40#40: exit
2026/05/17 21:44:12 [notice] 37#37: exit
2026/05/17 21:44:12 [notice] 1#1: signal 17 (SIGCHLD) received from 38
2026/05/17 21:44:12 [notice] 1#1: worker process 29 exited with code 0
2026/05/17 21:44:12 [notice] 1#1: worker process 35 exited with code 0
2026/05/17 21:44:12 [notice] 1#1: worker process 38 exited with code 0
2026/05/17 21:44:12 [notice] 1#1: signal 29 (SIGIO) received
2026/05/17 21:44:12 [notice] 1#1: signal 17 (SIGCHLD) received from 33
2026/05/17 21:44:12 [notice] 1#1: worker process 22 exited with code 0
2026/05/17 21:44:12 [notice] 1#1: worker process 25 exited with code 0
2026/05/17 21:44:12 [notice] 1#1: worker process 33 exited with code 0
2026/05/17 21:44:12 [notice] 1#1: signal 29 (SIGIO) received
2026/05/17 21:44:12 [notice] 1#1: signal 17 (SIGCHLD) received from 25
2026/05/17 21:44:12 [notice] 1#1: signal 17 (SIGCHLD) received from 36
2026/05/17 21:44:12 [notice] 1#1: worker process 36 exited with code 0
2026/05/17 21:44:12 [notice] 1#1: signal 29 (SIGIO) received
2026/05/17 21:44:12 [notice] 1#1: signal 17 (SIGCHLD) received from 34
2026/05/17 21:44:12 [notice] 1#1: worker process 21 exited with code 0
2026/05/17 21:44:12 [notice] 1#1: worker process 23 exited with code 0
2026/05/17 21:44:12 [notice] 1#1: worker process 24 exited with code 0
2026/05/17 21:44:12 [notice] 1#1: worker process 26 exited with code 0
2026/05/17 21:44:12 [notice] 1#1: worker process 27 exited with code 0
2026/05/17 21:44:12 [notice] 1#1: worker process 28 exited with code 0
2026/05/17 21:44:12 [notice] 1#1: worker process 31 exited with code 0
2026/05/17 21:44:12 [notice] 1#1: worker process 32 exited with code 0
2026/05/17 21:44:12 [notice] 1#1: worker process 34 exited with code 0
2026/05/17 21:44:12 [notice] 1#1: worker process 37 exited with code 0
2026/05/17 21:44:12 [notice] 1#1: worker process 39 exited with code 0
2026/05/17 21:44:12 [notice] 1#1: worker process 40 exited with code 0
2026/05/17 21:44:12 [notice] 1#1: signal 29 (SIGIO) received
2026/05/17 21:44:12 [notice] 1#1: signal 17 (SIGCHLD) received from 26
2026/05/17 21:44:12 [notice] 1#1: signal 17 (SIGCHLD) received from 30
2026/05/17 21:44:12 [notice] 1#1: worker process 30 exited with code 0
2026/05/17 21:44:12 [notice] 1#1: exit
2026/05/17 21:44:13 [notice] 1#1: using the "epoll" event method
2026/05/17 21:44:13 [notice] 1#1: nginx/1.28.2
2026/05/17 21:44:13 [notice] 1#1: built by gcc 14.2.0 (Debian 14.2.0-19) 
2026/05/17 21:44:13 [notice] 1#1: OS: Linux 6.6.87.2-microsoft-standard-WSL2
2026/05/17 21:44:13 [notice] 1#1: getrlimit(RLIMIT_NOFILE): 1048576:1048576
2026/05/17 21:44:13 [notice] 1#1: start worker processes
2026/05/17 21:44:13 [notice] 1#1: start worker process 21
2026/05/17 21:44:13 [notice] 1#1: start worker process 22
2026/05/17 21:44:13 [notice] 1#1: start worker process 23
2026/05/17 21:44:13 [notice] 1#1: start worker process 24
2026/05/17 21:44:13 [notice] 1#1: start worker process 25
2026/05/17 21:44:13 [notice] 1#1: start worker process 26
2026/05/17 21:44:13 [notice] 1#1: start worker process 27
2026/05/17 21:44:13 [notice] 1#1: start worker process 28
2026/05/17 21:44:13 [notice] 1#1: start worker process 29
2026/05/17 21:44:13 [notice] 1#1: start worker process 30
2026/05/17 21:44:13 [notice] 1#1: start worker process 31
2026/05/17 21:44:13 [notice] 1#1: start worker process 32
2026/05/17 21:44:13 [notice] 1#1: start worker process 33
2026/05/17 21:44:13 [notice] 1#1: start worker process 34
2026/05/17 21:44:13 [notice] 1#1: start worker process 35
2026/05/17 21:44:13 [notice] 1#1: start worker process 36
2026/05/17 21:44:13 [notice] 1#1: start worker process 37
2026/05/17 21:44:13 [notice] 1#1: start worker process 38
2026/05/17 21:44:13 [notice] 1#1: start worker process 39
2026/05/17 21:44:13 [notice] 1#1: start worker process 40
2026/05/17 21:44:30 [notice] 1#1: signal 3 (SIGQUIT) received, shutting down
2026/05/17 21:44:30 [notice] 21#21: gracefully shutting down
2026/05/17 21:44:30 [notice] 37#37: gracefully shutting down
2026/05/17 21:44:30 [notice] 22#22: gracefully shutting down
2026/05/17 21:44:30 [notice] 23#23: gracefully shutting down
2026/05/17 21:44:30 [notice] 24#24: gracefully shutting down
2026/05/17 21:44:30 [notice] 26#26: gracefully shutting down
2026/05/17 21:44:30 [notice] 27#27: gracefully shutting down
2026/05/17 21:44:30 [notice] 25#25: gracefully shutting down
2026/05/17 21:44:30 [notice] 29#29: gracefully shutting down
2026/05/17 21:44:30 [notice] 28#28: gracefully shutting down
2026/05/17 21:44:30 [notice] 30#30: gracefully shutting down
2026/05/17 21:44:30 [notice] 32#32: gracefully shutting down
2026/05/17 21:44:30 [notice] 31#31: gracefully shutting down
2026/05/17 21:44:30 [notice] 33#33: gracefully shutting down
2026/05/17 21:44:30 [notice] 34#34: gracefully shutting down
2026/05/17 21:44:30 [notice] 36#36: gracefully shutting down
2026/05/17 21:44:30 [notice] 40#40: gracefully shutting down
2026/05/17 21:44:30 [notice] 35#35: gracefully shutting down
2026/05/17 21:44:30 [notice] 39#39: gracefully shutting down
2026/05/17 21:44:30 [notice] 38#38: gracefully shutting down
2026/05/17 21:44:30 [notice] 21#21: exiting
2026/05/17 21:44:30 [notice] 37#37: exiting
2026/05/17 21:44:30 [notice] 22#22: exiting
2026/05/17 21:44:30 [notice] 23#23: exiting
2026/05/17 21:44:30 [notice] 24#24: exiting
2026/05/17 21:44:30 [notice] 26#26: exiting
2026/05/17 21:44:30 [notice] 27#27: exiting
2026/05/17 21:44:30 [notice] 25#25: exiting
2026/05/17 21:44:30 [notice] 29#29: exiting
2026/05/17 21:44:30 [notice] 28#28: exiting
2026/05/17 21:44:30 [notice] 30#30: exiting
2026/05/17 21:44:30 [notice] 32#32: exiting
2026/05/17 21:44:30 [notice] 31#31: exiting
2026/05/17 21:44:30 [notice] 33#33: exiting
2026/05/17 21:44:30 [notice] 34#34: exiting
2026/05/17 21:44:30 [notice] 36#36: exiting
2026/05/17 21:44:30 [notice] 40#40: exiting
2026/05/17 21:44:30 [notice] 35#35: exiting
2026/05/17 21:44:30 [notice] 39#39: exiting
2026/05/17 21:44:30 [notice] 38#38: exiting
2026/05/17 21:44:30 [notice] 21#21: exit
2026/05/17 21:44:30 [notice] 37#37: exit
2026/05/17 21:44:30 [notice] 22#22: exit
2026/05/17 21:44:30 [notice] 23#23: exit
2026/05/17 21:44:30 [notice] 24#24: exit
2026/05/17 21:44:30 [notice] 26#26: exit
2026/05/17 21:44:30 [notice] 27#27: exit
2026/05/17 21:44:30 [notice] 25#25: exit
2026/05/17 21:44:30 [notice] 29#29: exit
2026/05/17 21:44:30 [notice] 28#28: exit
2026/05/17 21:44:30 [notice] 30#30: exit
2026/05/17 21:44:30 [notice] 32#32: exit
2026/05/17 21:44:30 [notice] 31#31: exit
2026/05/17 21:44:30 [notice] 33#33: exit
2026/05/17 21:44:30 [notice] 34#34: exit
2026/05/17 21:44:30 [notice] 36#36: exit
2026/05/17 21:44:30 [notice] 40#40: exit
2026/05/17 21:44:30 [notice] 35#35: exit
2026/05/17 21:44:30 [notice] 39#39: exit
2026/05/17 21:44:30 [notice] 38#38: exit
2026/05/17 21:44:30 [notice] 1#1: signal 17 (SIGCHLD) received from 27
2026/05/17 21:44:30 [notice] 1#1: worker process 27 exited with code 0
2026/05/17 21:44:30 [notice] 1#1: signal 29 (SIGIO) received
2026/05/17 21:44:30 [notice] 1#1: signal 17 (SIGCHLD) received from 25
2026/05/17 21:44:30 [notice] 1#1: worker process 25 exited with code 0
2026/05/17 21:44:30 [notice] 1#1: worker process 38 exited with code 0
2026/05/17 21:44:30 [notice] 1#1: signal 29 (SIGIO) received
2026/05/17 21:44:30 [notice] 1#1: signal 17 (SIGCHLD) received from 30
2026/05/17 21:44:30 [notice] 1#1: worker process 21 exited with code 0
2026/05/17 21:44:30 [notice] 1#1: worker process 30 exited with code 0
2026/05/17 21:44:30 [notice] 1#1: worker process 32 exited with code 0
2026/05/17 21:44:30 [notice] 1#1: signal 29 (SIGIO) received
2026/05/17 21:44:30 [notice] 1#1: signal 17 (SIGCHLD) received from 32
2026/05/17 21:44:30 [notice] 1#1: signal 17 (SIGCHLD) received from 33
2026/05/17 21:44:30 [notice] 1#1: worker process 26 exited with code 0
2026/05/17 21:44:30 [notice] 1#1: worker process 33 exited with code 0
2026/05/17 21:44:30 [notice] 1#1: worker process 40 exited with code 0
2026/05/17 21:44:30 [notice] 1#1: signal 29 (SIGIO) received
2026/05/17 21:44:30 [notice] 1#1: signal 17 (SIGCHLD) received from 29
2026/05/17 21:44:30 [notice] 1#1: worker process 22 exited with code 0
2026/05/17 21:44:30 [notice] 1#1: worker process 23 exited with code 0
2026/05/17 21:44:30 [notice] 1#1: worker process 24 exited with code 0
2026/05/17 21:44:30 [notice] 1#1: worker process 28 exited with code 0
2026/05/17 21:44:30 [notice] 1#1: worker process 29 exited with code 0
2026/05/17 21:44:30 [notice] 1#1: worker process 31 exited with code 0
2026/05/17 21:44:30 [notice] 1#1: worker process 34 exited with code 0
2026/05/17 21:44:30 [notice] 1#1: worker process 35 exited with code 0
2026/05/17 21:44:30 [notice] 1#1: worker process 36 exited with code 0
2026/05/17 21:44:30 [notice] 1#1: worker process 37 exited with code 0
2026/05/17 21:44:30 [notice] 1#1: worker process 39 exited with code 0
2026/05/17 21:44:30 [notice] 1#1: exit
2026/05/17 21:44:31 [notice] 1#1: using the "epoll" event method
2026/05/17 21:44:31 [notice] 1#1: nginx/1.28.2
2026/05/17 21:44:31 [notice] 1#1: built by gcc 14.2.0 (Debian 14.2.0-19) 
2026/05/17 21:44:31 [notice] 1#1: OS: Linux 6.6.87.2-microsoft-standard-WSL2
2026/05/17 21:44:31 [notice] 1#1: getrlimit(RLIMIT_NOFILE): 1048576:1048576
2026/05/17 21:44:31 [notice] 1#1: start worker processes
2026/05/17 21:44:31 [notice] 1#1: start worker process 21
2026/05/17 21:44:31 [notice] 1#1: start worker process 22
2026/05/17 21:44:31 [notice] 1#1: start worker process 23
2026/05/17 21:44:31 [notice] 1#1: start worker process 24
2026/05/17 21:44:31 [notice] 1#1: start worker process 25
2026/05/17 21:44:31 [notice] 1#1: start worker process 26
2026/05/17 21:44:31 [notice] 1#1: start worker process 27
2026/05/17 21:44:31 [notice] 1#1: start worker process 28
2026/05/17 21:44:31 [notice] 1#1: start worker process 29
2026/05/17 21:44:31 [notice] 1#1: start worker process 30
2026/05/17 21:44:31 [notice] 1#1: start worker process 31
2026/05/17 21:44:31 [notice] 1#1: start worker process 32
2026/05/17 21:44:31 [notice] 1#1: start worker process 33
2026/05/17 21:44:31 [notice] 1#1: start worker process 34
2026/05/17 21:44:31 [notice] 1#1: start worker process 35
2026/05/17 21:44:31 [notice] 1#1: start worker process 36
2026/05/17 21:44:31 [notice] 1#1: start worker process 37
2026/05/17 21:44:31 [notice] 1#1: start worker process 38
2026/05/17 21:44:31 [notice] 1#1: start worker process 39
2026/05/17 21:44:31 [notice] 1#1: start worker process 40
2026/05/17 21:55:59 [error] 25#25: *9 limiting requests, excess: 3.901 by zone "advanced_limit", client: 172.20.0.4, server: _, request: "POST /login HTTP/1.1", host: "reverse-proxy"
2026/05/17 21:55:59 [error] 26#26: *10 limiting requests, excess: 3.886 by zone "advanced_limit", client: 172.20.0.4, server: _, request: "POST /login HTTP/1.1", host: "reverse-proxy"
2026/05/17 21:55:59 [error] 27#27: *11 limiting requests, excess: 3.868 by zone "advanced_limit", client: 172.20.0.4, server: _, request: "POST /login HTTP/1.1", host: "reverse-proxy"
2026/05/17 21:55:59 [error] 28#28: *12 limiting requests, excess: 3.850 by zone "advanced_limit", client: 172.20.0.4, server: _, request: "POST /login HTTP/1.1", host: "reverse-proxy"
2026/05/17 21:55:59 [error] 29#29: *13 limiting requests, excess: 3.829 by zone "advanced_limit", client: 172.20.0.4, server: _, request: "POST /login HTTP/1.1", host: "reverse-proxy"
2026/05/17 21:55:59 [error] 30#30: *14 limiting requests, excess: 3.814 by zone "advanced_limit", client: 172.20.0.4, server: _, request: "POST /login HTTP/1.1", host: "reverse-proxy"
2026/05/17 21:55:59 [error] 31#31: *15 limiting requests, excess: 3.796 by zone "advanced_limit", client: 172.20.0.4, server: _, request: "POST /login HTTP/1.1", host: "reverse-proxy"
2026/05/17 21:55:59 [error] 32#32: *16 limiting requests, excess: 3.778 by zone "advanced_limit", client: 172.20.0.4, server: _, request: "POST /login HTTP/1.1", host: "reverse-proxy"
2026/05/17 21:55:59 [error] 33#33: *17 limiting requests, excess: 3.760 by zone "advanced_limit", client: 172.20.0.4, server: _, request: "POST /login HTTP/1.1", host: "reverse-proxy"
2026/05/17 21:55:59 [error] 34#34: *18 limiting requests, excess: 3.742 by zone "advanced_limit", client: 172.20.0.4, server: _, request: "POST /login HTTP/1.1", host: "reverse-proxy"
2026/05/17 21:55:59 [error] 35#35: *19 limiting requests, excess: 3.724 by zone "advanced_limit", client: 172.20.0.4, server: _, request: "POST /login HTTP/1.1", host: "reverse-proxy"
2026/05/17 21:55:59 [error] 36#36: *20 limiting requests, excess: 3.709 by zone "advanced_limit", client: 172.20.0.4, server: _, request: "POST /login HTTP/1.1", host: "reverse-proxy"
2026/05/17 21:55:59 [error] 37#37: *21 limiting requests, excess: 3.691 by zone "advanced_limit", client: 172.20.0.4, server: _, request: "POST /login HTTP/1.1", host: "reverse-proxy"
2026/05/17 21:55:59 [error] 38#38: *22 limiting requests, excess: 3.673 by zone "advanced_limit", client: 172.20.0.4, server: _, request: "POST /login HTTP/1.1", host: "reverse-proxy"
2026/05/17 21:55:59 [error] 39#39: *23 limiting requests, excess: 3.655 by zone "advanced_limit", client: 172.20.0.4, server: _, request: "POST /login HTTP/1.1", host: "reverse-proxy"
2026/05/17 21:55:59 [error] 40#40: *24 limiting requests, excess: 3.637 by zone "advanced_limit", client: 172.20.0.4, server: _, request: "POST /login HTTP/1.1", host: "reverse-proxy"
2026/05/17 21:56:21 [error] 21#21: *33 limiting requests, excess: 3.913 by zone "advanced_limit", client: 172.20.0.4, server: _, request: "POST /login HTTP/1.1", host: "reverse-proxy"
2026/05/17 21:56:21 [error] 21#21: *34 limiting requests, excess: 3.895 by zone "advanced_limit", client: 172.20.0.4, server: _, request: "POST /login HTTP/1.1", host: "reverse-proxy"
2026/05/17 21:56:21 [error] 21#21: *35 limiting requests, excess: 3.877 by zone "advanced_limit", client: 172.20.0.4, server: _, request: "POST /login HTTP/1.1", host: "reverse-proxy"
2026/05/17 21:56:21 [error] 21#21: *36 limiting requests, excess: 3.859 by zone "advanced_limit", client: 172.20.0.4, server: _, request: "POST /login HTTP/1.1", host: "reverse-proxy"
2026/05/17 21:56:22 [error] 21#21: *37 limiting requests, excess: 3.838 by zone "advanced_limit", client: 172.20.0.4, server: _, request: "POST /login HTTP/1.1", host: "reverse-proxy"
2026/05/17 21:56:22 [error] 21#21: *38 limiting requests, excess: 3.820 by zone "advanced_limit", client: 172.20.0.4, server: _, request: "POST /login HTTP/1.1", host: "reverse-proxy"
2026/05/17 21:56:22 [error] 21#21: *39 limiting requests, excess: 3.805 by zone "advanced_limit", client: 172.20.0.4, server: _, request: "POST /login HTTP/1.1", host: "reverse-proxy"
2026/05/17 21:56:22 [error] 21#21: *40 limiting requests, excess: 3.787 by zone "advanced_limit", client: 172.20.0.4, server: _, request: "POST /login HTTP/1.1", host: "reverse-proxy"
2026/05/17 21:56:22 [error] 21#21: *41 limiting requests, excess: 3.766 by zone "advanced_limit", client: 172.20.0.4, server: _, request: "POST /login HTTP/1.1", host: "reverse-proxy"
2026/05/17 21:56:22 [error] 21#21: *42 limiting requests, excess: 3.748 by zone "advanced_limit", client: 172.20.0.4, server: _, request: "POST /login HTTP/1.1", host: "reverse-proxy"
2026/05/17 21:56:22 [error] 21#21: *43 limiting requests, excess: 3.733 by zone "advanced_limit", client: 172.20.0.4, server: _, request: "POST /login HTTP/1.1", host: "reverse-proxy"
2026/05/17 21:56:22 [error] 21#21: *44 limiting requests, excess: 3.715 by zone "advanced_limit", client: 172.20.0.4, server: _, request: "POST /login HTTP/1.1", host: "reverse-proxy"
2026/05/17 21:56:22 [error] 22#22: *45 limiting requests, excess: 3.697 by zone "advanced_limit", client: 172.20.0.4, server: _, request: "POST /login HTTP/1.1", host: "reverse-proxy"
2026/05/17 21:56:22 [error] 22#22: *46 limiting requests, excess: 3.679 by zone "advanced_limit", client: 172.20.0.4, server: _, request: "POST /login HTTP/1.1", host: "reverse-proxy"
2026/05/17 21:56:22 [error] 22#22: *47 limiting requests, excess: 3.661 by zone "advanced_limit", client: 172.20.0.4, server: _, request: "POST /login HTTP/1.1", host: "reverse-proxy"
2026/05/17 21:56:22 [error] 22#22: *48 limiting requests, excess: 3.643 by zone "advanced_limit", client: 172.20.0.4, server: _, request: "POST /login HTTP/1.1", host: "reverse-proxy"
2026/05/17 21:57:02 [error] 22#22: *57 limiting requests, excess: 3.925 by zone "advanced_limit", client: 172.20.0.4, server: _, request: "POST /login HTTP/1.1", host: "reverse-proxy"
2026/05/17 21:57:02 [error] 22#22: *58 limiting requests, excess: 3.907 by zone "advanced_limit", client: 172.20.0.4, server: _, request: "POST /login HTTP/1.1", host: "reverse-proxy"
2026/05/17 21:57:02 [error] 22#22: *59 limiting requests, excess: 3.889 by zone "advanced_limit", client: 172.20.0.4, server: _, request: "POST /login HTTP/1.1", host: "reverse-proxy"
2026/05/17 21:57:02 [error] 22#22: *60 limiting requests, excess: 3.874 by zone "advanced_limit", client: 172.20.0.4, server: _, request: "POST /login HTTP/1.1", host: "reverse-proxy"
2026/05/17 21:57:02 [error] 22#22: *61 limiting requests, excess: 3.856 by zone "advanced_limit", client: 172.20.0.4, server: _, request: "POST /login HTTP/1.1", host: "reverse-proxy"
2026/05/17 21:57:02 [error] 22#22: *62 limiting requests, excess: 3.841 by zone "advanced_limit", client: 172.20.0.4, server: _, request: "POST /login HTTP/1.1", host: "reverse-proxy"
2026/05/17 21:57:02 [error] 22#22: *63 limiting requests, excess: 3.823 by zone "advanced_limit", client: 172.20.0.4, server: _, request: "POST /login HTTP/1.1", host: "reverse-proxy"
2026/05/17 21:57:02 [error] 22#22: *64 limiting requests, excess: 3.808 by zone "advanced_limit", client: 172.20.0.4, server: _, request: "POST /login HTTP/1.1", host: "reverse-proxy"
2026/05/17 21:57:02 [error] 23#23: *65 limiting requests, excess: 3.790 by zone "advanced_limit", client: 172.20.0.4, server: _, request: "POST /login HTTP/1.1", host: "reverse-proxy"
2026/05/17 21:57:02 [error] 23#23: *66 limiting requests, excess: 3.772 by zone "advanced_limit", client: 172.20.0.4, server: _, request: "POST /login HTTP/1.1", host: "reverse-proxy"
2026/05/17 21:57:02 [error] 23#23: *67 limiting requests, excess: 3.757 by zone "advanced_limit", client: 172.20.0.4, server: _, request: "POST /login HTTP/1.1", host: "reverse-proxy"
2026/05/17 21:57:02 [error] 23#23: *68 limiting requests, excess: 3.736 by zone "advanced_limit", client: 172.20.0.4, server: _, request: "POST /login HTTP/1.1", host: "reverse-proxy"
2026/05/17 21:57:02 [error] 23#23: *69 limiting requests, excess: 3.718 by zone "advanced_limit", client: 172.20.0.4, server: _, request: "POST /login HTTP/1.1", host: "reverse-proxy"
2026/05/17 21:57:02 [error] 23#23: *70 limiting requests, excess: 3.703 by zone "advanced_limit", client: 172.20.0.4, server: _, request: "POST /login HTTP/1.1", host: "reverse-proxy"
2026/05/17 21:57:02 [error] 23#23: *71 limiting requests, excess: 3.682 by zone "advanced_limit", client: 172.20.0.4, server: _, request: "POST /login HTTP/1.1", host: "reverse-proxy"
2026/05/17 21:57:02 [error] 23#23: *72 limiting requests, excess: 3.664 by zone "advanced_limit", client: 172.20.0.4, server: _, request: "POST /login HTTP/1.1", host: "reverse-proxy"
2026/05/17 21:59:18 [error] 23#23: *82 limiting requests, excess: 3.919 by zone "advanced_limit", client: 172.20.0.4, server: _, request: "POST /login HTTP/1.1", host: "reverse-proxy"
2026/05/17 21:59:18 [error] 23#23: *83 limiting requests, excess: 3.904 by zone "advanced_limit", client: 172.20.0.4, server: _, request: "POST /login HTTP/1.1", host: "reverse-proxy"
2026/05/17 21:59:18 [error] 23#23: *84 limiting requests, excess: 3.886 by zone "advanced_limit", client: 172.20.0.4, server: _, request: "POST /login HTTP/1.1", host: "reverse-proxy"
2026/05/17 21:59:18 [error] 24#24: *85 limiting requests, excess: 3.862 by zone "advanced_limit", client: 172.20.0.4, server: _, request: "POST /login HTTP/1.1", host: "reverse-proxy"
2026/05/17 21:59:18 [error] 24#24: *86 limiting requests, excess: 3.844 by zone "advanced_limit", client: 172.20.0.4, server: _, request: "POST /login HTTP/1.1", host: "reverse-proxy"
2026/05/17 21:59:18 [error] 24#24: *87 limiting requests, excess: 3.826 by zone "advanced_limit", client: 172.20.0.4, server: _, request: "POST /login HTTP/1.1", host: "reverse-proxy"
2026/05/17 21:59:18 [error] 24#24: *88 limiting requests, excess: 3.811 by zone "advanced_limit", client: 172.20.0.4, server: _, request: "POST /login HTTP/1.1", host: "reverse-proxy"
2026/05/17 21:59:18 [error] 24#24: *89 limiting requests, excess: 3.793 by zone "advanced_limit", client: 172.20.0.4, server: _, request: "POST /login HTTP/1.1", host: "reverse-proxy"
2026/05/17 21:59:18 [error] 24#24: *90 limiting requests, excess: 3.769 by zone "advanced_limit", client: 172.20.0.4, server: _, request: "POST /login HTTP/1.1", host: "reverse-proxy"
2026/05/17 21:59:18 [error] 24#24: *91 limiting requests, excess: 3.754 by zone "advanced_limit", client: 172.20.0.4, server: _, request: "POST /login HTTP/1.1", host: "reverse-proxy"
2026/05/17 21:59:18 [error] 24#24: *92 limiting requests, excess: 3.736 by zone "advanced_limit", client: 172.20.0.4, server: _, request: "POST /login HTTP/1.1", host: "reverse-proxy"
2026/05/17 21:59:18 [error] 24#24: *93 limiting requests, excess: 3.718 by zone "advanced_limit", client: 172.20.0.4, server: _, request: "POST /login HTTP/1.1", host: "reverse-proxy"
2026/05/17 21:59:18 [error] 24#24: *94 limiting requests, excess: 3.703 by zone "advanced_limit", client: 172.20.0.4, server: _, request: "POST /login HTTP/1.1", host: "reverse-proxy"
2026/05/17 21:59:18 [error] 24#24: *95 limiting requests, excess: 3.679 by zone "advanced_limit", client: 172.20.0.4, server: _, request: "POST /login HTTP/1.1", host: "reverse-proxy"
2026/05/17 21:59:18 [error] 24#24: *96 limiting requests, excess: 3.658 by zone "advanced_limit", client: 172.20.0.4, server: _, request: "POST /login HTTP/1.1", host: "reverse-proxy"
2026/05/17 21:59:18 [error] 24#24: *97 limiting requests, excess: 3.640 by zone "advanced_limit", client: 172.20.0.4, server: _, request: "POST /login HTTP/1.1", host: "reverse-proxy"
2026/05/17 22:02:12 [error] 25#25: *106 limiting requests, excess: 3.922 by zone "advanced_limit", client: 172.20.0.4, server: _, request: "POST /login HTTP/1.1", host: "reverse-proxy"
2026/05/17 22:02:12 [error] 25#25: *107 limiting requests, excess: 3.895 by zone "advanced_limit", client: 172.20.0.4, server: _, request: "POST /login HTTP/1.1", host: "reverse-proxy"
2026/05/17 22:02:12 [error] 25#25: *108 limiting requests, excess: 3.877 by zone "advanced_limit", client: 172.20.0.4, server: _, request: "POST /login HTTP/1.1", host: "reverse-proxy"
2026/05/17 22:02:12 [error] 25#25: *109 limiting requests, excess: 3.859 by zone "advanced_limit", client: 172.20.0.4, server: _, request: "POST /login HTTP/1.1", host: "reverse-proxy"
2026/05/17 22:02:12 [error] 25#25: *110 limiting requests, excess: 3.841 by zone "advanced_limit", client: 172.20.0.4, server: _, request: "POST /login HTTP/1.1", host: "reverse-proxy"
2026/05/17 22:02:12 [error] 25#25: *111 limiting requests, excess: 3.823 by zone "advanced_limit", client: 172.20.0.4, server: _, request: "POST /login HTTP/1.1", host: "reverse-proxy"
2026/05/17 22:02:12 [error] 25#25: *112 limiting requests, excess: 3.805 by zone "advanced_limit", client: 172.20.0.4, server: _, request: "POST /login HTTP/1.1", host: "reverse-proxy"
2026/05/17 22:02:12 [error] 25#25: *113 limiting requests, excess: 3.790 by zone "advanced_limit", client: 172.20.0.4, server: _, request: "POST /login HTTP/1.1", host: "reverse-proxy"
2026/05/17 22:02:12 [error] 25#25: *114 limiting requests, excess: 3.772 by zone "advanced_limit", client: 172.20.0.4, server: _, request: "POST /login HTTP/1.1", host: "reverse-proxy"
2026/05/17 22:02:12 [error] 25#25: *115 limiting requests, excess: 3.751 by zone "advanced_limit", client: 172.20.0.4, server: _, request: "POST /login HTTP/1.1", host: "reverse-proxy"
2026/05/17 22:02:12 [error] 25#25: *116 limiting requests, excess: 3.736 by zone "advanced_limit", client: 172.20.0.4, server: _, request: "POST /login HTTP/1.1", host: "reverse-proxy"
2026/05/17 22:02:12 [error] 25#25: *117 limiting requests, excess: 3.718 by zone "advanced_limit", client: 172.20.0.4, server: _, request: "POST /login HTTP/1.1", host: "reverse-proxy"
2026/05/17 22:02:12 [error] 25#25: *118 limiting requests, excess: 3.700 by zone "advanced_limit", client: 172.20.0.4, server: _, request: "POST /login HTTP/1.1", host: "reverse-proxy"
2026/05/17 22:02:12 [error] 25#25: *119 limiting requests, excess: 3.685 by zone "advanced_limit", client: 172.20.0.4, server: _, request: "POST /login HTTP/1.1", host: "reverse-proxy"
2026/05/17 22:02:12 [error] 25#25: *120 limiting requests, excess: 3.670 by zone "advanced_limit", client: 172.20.0.4, server: _, request: "POST /login HTTP/1.1", host: "reverse-proxy"
2026/05/17 22:02:12 [error] 26#26: *121 limiting requests, excess: 3.652 by zone "advanced_limit", client: 172.20.0.4, server: _, request: "POST /login HTTP/1.1", host: "reverse-proxy"
2026/05/17 22:03:05 [error] 26#26: *130 limiting requests, excess: 3.910 by zone "advanced_limit", client: 172.20.0.4, server: _, request: "POST /login HTTP/1.1", host: "reverse-proxy"
2026/05/17 22:03:05 [error] 26#26: *131 limiting requests, excess: 3.889 by zone "advanced_limit", client: 172.20.0.4, server: _, request: "POST /login HTTP/1.1", host: "reverse-proxy"
2026/05/17 22:03:05 [error] 26#26: *132 limiting requests, excess: 3.871 by zone "advanced_limit", client: 172.20.0.4, server: _, request: "POST /login HTTP/1.1", host: "reverse-proxy"
2026/05/17 22:03:05 [error] 26#26: *133 limiting requests, excess: 3.853 by zone "advanced_limit", client: 172.20.0.4, server: _, request: "POST /login HTTP/1.1", host: "reverse-proxy"
2026/05/17 22:03:05 [error] 26#26: *134 limiting requests, excess: 3.835 by zone "advanced_limit", client: 172.20.0.4, server: _, request: "POST /login HTTP/1.1", host: "reverse-proxy"
2026/05/17 22:03:05 [error] 26#26: *135 limiting requests, excess: 3.817 by zone "advanced_limit", client: 172.20.0.4, server: _, request: "POST /login HTTP/1.1", host: "reverse-proxy"
2026/05/17 22:03:05 [error] 26#26: *136 limiting requests, excess: 3.799 by zone "advanced_limit", client: 172.20.0.4, server: _, request: "POST /login HTTP/1.1", host: "reverse-proxy"
2026/05/17 22:03:05 [error] 26#26: *137 limiting requests, excess: 3.781 by zone "advanced_limit", client: 172.20.0.4, server: _, request: "POST /login HTTP/1.1", host: "reverse-proxy"
2026/05/17 22:03:05 [error] 26#26: *138 limiting requests, excess: 3.760 by zone "advanced_limit", client: 172.20.0.4, server: _, request: "POST /login HTTP/1.1", host: "reverse-proxy"
2026/05/17 22:03:05 [error] 26#26: *139 limiting requests, excess: 3.745 by zone "advanced_limit", client: 172.20.0.4, server: _, request: "POST /login HTTP/1.1", host: "reverse-proxy"
2026/05/17 22:03:05 [error] 26#26: *140 limiting requests, excess: 3.727 by zone "advanced_limit", client: 172.20.0.4, server: _, request: "POST /login HTTP/1.1", host: "reverse-proxy"
2026/05/17 22:03:05 [error] 27#27: *141 limiting requests, excess: 3.712 by zone "advanced_limit", client: 172.20.0.4, server: _, request: "POST /login HTTP/1.1", host: "reverse-proxy"
2026/05/17 22:03:05 [error] 27#27: *142 limiting requests, excess: 3.694 by zone "advanced_limit", client: 172.20.0.4, server: _, request: "POST /login HTTP/1.1", host: "reverse-proxy"
2026/05/17 22:03:05 [error] 27#27: *143 limiting requests, excess: 3.676 by zone "advanced_limit", client: 172.20.0.4, server: _, request: "POST /login HTTP/1.1", host: "reverse-proxy"
2026/05/17 22:03:05 [error] 27#27: *144 limiting requests, excess: 3.658 by zone "advanced_limit", client: 172.20.0.4, server: _, request: "POST /login HTTP/1.1", host: "reverse-proxy"
2026/05/17 22:03:05 [error] 27#27: *145 limiting requests, excess: 3.631 by zone "advanced_limit", client: 172.20.0.4, server: _, request: "POST /login HTTP/1.1", host: "reverse-proxy"
2026/05/17 22:03:53 [error] 27#27: *158 limiting requests, excess: 5.721 by zone "advanced_limit", client: 172.20.0.4, server: _, request: "GET / HTTP/1.1", host: "reverse-proxy"
2026/05/17 22:03:53 [error] 27#27: *159 limiting requests, excess: 5.703 by zone "advanced_limit", client: 172.20.0.4, server: _, request: "GET / HTTP/1.1", host: "reverse-proxy"
2026/05/17 22:03:53 [error] 27#27: *160 limiting requests, excess: 5.685 by zone "advanced_limit", client: 172.20.0.4, server: _, request: "GET / HTTP/1.1", host: "reverse-proxy"
2026/05/17 22:03:53 [error] 27#27: *161 limiting requests, excess: 5.664 by zone "advanced_limit", client: 172.20.0.4, server: _, request: "GET / HTTP/1.1", host: "reverse-proxy"
2026/05/17 22:03:53 [error] 27#27: *162 limiting requests, excess: 5.643 by zone "advanced_limit", client: 172.20.0.4, server: _, request: "GET / HTTP/1.1", host: "reverse-proxy"
2026/05/17 22:03:53 [error] 28#28: *163 limiting requests, excess: 5.625 by zone "advanced_limit", client: 172.20.0.4, server: _, request: "GET / HTTP/1.1", host: "reverse-proxy"
2026/05/17 22:03:53 [error] 28#28: *164 limiting requests, excess: 5.604 by zone "advanced_limit", client: 172.20.0.4, server: _, request: "GET / HTTP/1.1", host: "reverse-proxy"
2026/05/17 22:03:53 [error] 28#28: *165 limiting requests, excess: 5.586 by zone "advanced_limit", client: 172.20.0.4, server: _, request: "GET / HTTP/1.1", host: "reverse-proxy"
2026/05/17 22:03:53 [error] 28#28: *166 limiting requests, excess: 5.565 by zone "advanced_limit", client: 172.20.0.4, server: _, request: "GET / HTTP/1.1", host: "reverse-proxy"
2026/05/17 22:03:53 [error] 28#28: *167 limiting requests, excess: 5.544 by zone "advanced_limit", client: 172.20.0.4, server: _, request: "GET / HTTP/1.1", host: "reverse-proxy"
2026/05/17 22:03:53 [error] 28#28: *168 limiting requests, excess: 5.526 by zone "advanced_limit", client: 172.20.0.4, server: _, request: "GET / HTTP/1.1", host: "reverse-proxy"
2026/05/17 22:03:53 [error] 28#28: *169 limiting requests, excess: 5.508 by zone "advanced_limit", client: 172.20.0.4, server: _, request: "GET / HTTP/1.1", host: "reverse-proxy"
2026/05/17 22:03:53 [error] 28#28: *170 limiting requests, excess: 5.487 by zone "advanced_limit", client: 172.20.0.4, server: _, request: "GET / HTTP/1.1", host: "reverse-proxy"
2026/05/17 22:03:53 [error] 28#28: *171 limiting requests, excess: 5.469 by zone "advanced_limit", client: 172.20.0.4, server: _, request: "GET / HTTP/1.1", host: "reverse-proxy"
2026/05/17 22:03:53 [error] 28#28: *172 limiting requests, excess: 5.451 by zone "advanced_limit", client: 172.20.0.4, server: _, request: "GET / HTTP/1.1", host: "reverse-proxy"
2026/05/17 22:03:53 [error] 28#28: *173 limiting requests, excess: 5.430 by zone "advanced_limit", client: 172.20.0.4, server: _, request: "GET / HTTP/1.1", host: "reverse-proxy"
2026/05/17 22:03:53 [error] 28#28: *174 limiting requests, excess: 5.412 by zone "advanced_limit", client: 172.20.0.4, server: _, request: "GET / HTTP/1.1", host: "reverse-proxy"
2026/05/17 22:03:53 [error] 28#28: *175 limiting requests, excess: 5.391 by zone "advanced_limit", client: 172.20.0.4, server: _, request: "GET / HTTP/1.1", host: "reverse-proxy"
2026/05/17 22:03:53 [error] 28#28: *176 limiting requests, excess: 5.370 by zone "advanced_limit", client: 172.20.0.4, server: _, request: "GET / HTTP/1.1", host: "reverse-proxy"
2026/05/17 22:03:53 [error] 28#28: *177 limiting requests, excess: 5.352 by zone "advanced_limit", client: 172.20.0.4, server: _, request: "GET / HTTP/1.1", host: "reverse-proxy"
2026/05/17 22:03:53 [error] 28#28: *178 limiting requests, excess: 5.334 by zone "advanced_limit", client: 172.20.0.4, server: _, request: "GET / HTTP/1.1", host: "reverse-proxy"
2026/05/17 22:03:53 [error] 29#29: *179 limiting requests, excess: 5.313 by zone "advanced_limit", client: 172.20.0.4, server: _, request: "GET / HTTP/1.1", host: "reverse-proxy"
2026/05/17 22:03:53 [error] 29#29: *180 limiting requests, excess: 5.292 by zone "advanced_limit", client: 172.20.0.4, server: _, request: "GET / HTTP/1.1", host: "reverse-proxy"
2026/05/17 22:03:53 [error] 29#29: *181 limiting requests, excess: 5.271 by zone "advanced_limit", client: 172.20.0.4, server: _, request: "GET / HTTP/1.1", host: "reverse-proxy"
2026/05/17 22:03:53 [error] 29#29: *182 limiting requests, excess: 5.253 by zone "advanced_limit", client: 172.20.0.4, server: _, request: "GET / HTTP/1.1", host: "reverse-proxy"
2026/05/17 22:03:53 [error] 29#29: *183 limiting requests, excess: 5.235 by zone "advanced_limit", client: 172.20.0.4, server: _, request: "GET / HTTP/1.1", host: "reverse-proxy"
2026/05/17 22:03:53 [error] 29#29: *184 limiting requests, excess: 5.214 by zone "advanced_limit", client: 172.20.0.4, server: _, request: "GET / HTTP/1.1", host: "reverse-proxy"
2026/05/17 22:03:53 [error] 29#29: *185 limiting requests, excess: 5.196 by zone "advanced_limit", client: 172.20.0.4, server: _, request: "GET / HTTP/1.1", host: "reverse-proxy"
2026/05/17 22:03:53 [error] 29#29: *186 limiting requests, excess: 5.178 by zone "advanced_limit", client: 172.20.0.4, server: _, request: "GET / HTTP/1.1", host: "reverse-proxy"
2026/05/17 22:03:53 [error] 29#29: *187 limiting requests, excess: 5.160 by zone "advanced_limit", client: 172.20.0.4, server: _, request: "GET / HTTP/1.1", host: "reverse-proxy"
2026/05/17 22:03:53 [error] 29#29: *188 limiting requests, excess: 5.139 by zone "advanced_limit", client: 172.20.0.4, server: _, request: "GET / HTTP/1.1", host: "reverse-proxy"
2026/05/17 22:03:53 [error] 29#29: *189 limiting requests, excess: 5.121 by zone "advanced_limit", client: 172.20.0.4, server: _, request: "GET / HTTP/1.1", host: "reverse-proxy"
2026/05/17 22:03:53 [error] 29#29: *190 limiting requests, excess: 5.103 by zone "advanced_limit", client: 172.20.0.4, server: _, request: "GET / HTTP/1.1", host: "reverse-proxy"
2026/05/17 22:03:53 [error] 29#29: *191 limiting requests, excess: 5.082 by zone "advanced_limit", client: 172.20.0.4, server: _, request: "GET / HTTP/1.1", host: "reverse-proxy"
2026/05/17 22:03:53 [error] 29#29: *192 limiting requests, excess: 5.064 by zone "advanced_limit", client: 172.20.0.4, server: _, request: "GET / HTTP/1.1", host: "reverse-proxy"
2026/05/17 22:03:53 [error] 29#29: *193 limiting requests, excess: 5.049 by zone "advanced_limit", client: 172.20.0.4, server: _, request: "GET / HTTP/1.1", host: "reverse-proxy"
2026/05/17 22:03:53 [error] 29#29: *194 limiting requests, excess: 5.031 by zone "advanced_limit", client: 172.20.0.4, server: _, request: "GET / HTTP/1.1", host: "reverse-proxy"
2026/05/17 22:03:53 [error] 30#30: *195 limiting requests, excess: 5.010 by zone "advanced_limit", client: 172.20.0.4, server: _, request: "GET / HTTP/1.1", host: "reverse-proxy"
2026/05/17 22:03:53 [error] 30#30: *198 limiting requests, excess: 5.965 by zone "advanced_limit", client: 172.20.0.4, server: _, request: "GET / HTTP/1.1", host: "reverse-proxy"
2026/05/17 22:03:53 [error] 30#30: *199 limiting requests, excess: 5.950 by zone "advanced_limit", client: 172.20.0.4, server: _, request: "GET / HTTP/1.1", host: "reverse-proxy"
2026/05/17 22:03:53 [error] 30#30: *200 limiting requests, excess: 5.926 by zone "advanced_limit", client: 172.20.0.4, server: _, request: "GET / HTTP/1.1", host: "reverse-proxy"
2026/05/17 22:03:53 [error] 30#30: *201 limiting requests, excess: 5.908 by zone "advanced_limit", client: 172.20.0.4, server: _, request: "GET / HTTP/1.1", host: "reverse-proxy"
2026/05/17 22:03:53 [error] 30#30: *202 limiting requests, excess: 5.893 by zone "advanced_limit", client: 172.20.0.4, server: _, request: "GET / HTTP/1.1", host: "reverse-proxy"
2026/05/17 22:10:12 [notice] 1#1: signal 3 (SIGQUIT) received, shutting down
2026/05/17 22:10:12 [notice] 21#21: gracefully shutting down
2026/05/17 22:10:12 [notice] 40#40: gracefully shutting down
2026/05/17 22:10:12 [notice] 22#22: gracefully shutting down
2026/05/17 22:10:12 [notice] 23#23: gracefully shutting down
2026/05/17 22:10:12 [notice] 24#24: gracefully shutting down
2026/05/17 22:10:12 [notice] 27#27: gracefully shutting down
2026/05/17 22:10:12 [notice] 25#25: gracefully shutting down
2026/05/17 22:10:12 [notice] 26#26: gracefully shutting down
2026/05/17 22:10:12 [notice] 28#28: gracefully shutting down
2026/05/17 22:10:12 [notice] 29#29: gracefully shutting down
2026/05/17 22:10:12 [notice] 30#30: gracefully shutting down
2026/05/17 22:10:12 [notice] 31#31: gracefully shutting down
2026/05/17 22:10:12 [notice] 34#34: gracefully shutting down
2026/05/17 22:10:12 [notice] 35#35: gracefully shutting down
2026/05/17 22:10:12 [notice] 33#33: gracefully shutting down
2026/05/17 22:10:12 [notice] 38#38: gracefully shutting down
2026/05/17 22:10:12 [notice] 36#36: gracefully shutting down
2026/05/17 22:10:12 [notice] 37#37: gracefully shutting down
2026/05/17 22:10:12 [notice] 39#39: gracefully shutting down
2026/05/17 22:10:12 [notice] 32#32: gracefully shutting down
2026/05/17 22:10:12 [notice] 21#21: exiting
2026/05/17 22:10:12 [notice] 40#40: exiting
2026/05/17 22:10:12 [notice] 22#22: exiting
2026/05/17 22:10:12 [notice] 23#23: exiting
2026/05/17 22:10:12 [notice] 24#24: exiting
2026/05/17 22:10:12 [notice] 27#27: exiting
2026/05/17 22:10:12 [notice] 25#25: exiting
2026/05/17 22:10:12 [notice] 26#26: exiting
2026/05/17 22:10:12 [notice] 28#28: exiting
2026/05/17 22:10:12 [notice] 29#29: exiting
2026/05/17 22:10:12 [notice] 30#30: exiting
2026/05/17 22:10:12 [notice] 31#31: exiting
2026/05/17 22:10:12 [notice] 34#34: exiting
2026/05/17 22:10:12 [notice] 35#35: exiting
2026/05/17 22:10:12 [notice] 33#33: exiting
2026/05/17 22:10:12 [notice] 38#38: exiting
2026/05/17 22:10:12 [notice] 36#36: exiting
2026/05/17 22:10:12 [notice] 37#37: exiting
2026/05/17 22:10:12 [notice] 39#39: exiting
2026/05/17 22:10:12 [notice] 32#32: exiting
2026/05/17 22:10:12 [notice] 21#21: exit
2026/05/17 22:10:12 [notice] 40#40: exit
2026/05/17 22:10:12 [notice] 22#22: exit
2026/05/17 22:10:12 [notice] 23#23: exit
2026/05/17 22:10:12 [notice] 24#24: exit
2026/05/17 22:10:12 [notice] 27#27: exit
2026/05/17 22:10:12 [notice] 25#25: exit
2026/05/17 22:10:12 [notice] 26#26: exit
2026/05/17 22:10:12 [notice] 28#28: exit
2026/05/17 22:10:12 [notice] 29#29: exit
2026/05/17 22:10:12 [notice] 30#30: exit
2026/05/17 22:10:12 [notice] 31#31: exit
2026/05/17 22:10:12 [notice] 34#34: exit
2026/05/17 22:10:12 [notice] 35#35: exit
2026/05/17 22:10:12 [notice] 33#33: exit
2026/05/17 22:10:12 [notice] 38#38: exit
2026/05/17 22:10:12 [notice] 36#36: exit
2026/05/17 22:10:12 [notice] 37#37: exit
2026/05/17 22:10:12 [notice] 39#39: exit
2026/05/17 22:10:12 [notice] 32#32: exit
2026/05/17 22:10:12 [notice] 1#1: signal 17 (SIGCHLD) received from 24
2026/05/17 22:10:12 [notice] 1#1: worker process 24 exited with code 0
2026/05/17 22:10:12 [notice] 1#1: signal 29 (SIGIO) received
2026/05/17 22:10:12 [notice] 1#1: signal 17 (SIGCHLD) received from 28
2026/05/17 22:10:12 [notice] 1#1: worker process 21 exited with code 0
2026/05/17 22:10:12 [notice] 1#1: worker process 23 exited with code 0
2026/05/17 22:10:12 [notice] 1#1: worker process 22 exited with code 0
2026/05/17 22:10:12 [notice] 1#1: worker process 25 exited with code 0
2026/05/17 22:10:12 [notice] 1#1: worker process 26 exited with code 0
2026/05/17 22:10:12 [notice] 1#1: worker process 27 exited with code 0
2026/05/17 22:10:12 [notice] 1#1: worker process 28 exited with code 0
2026/05/17 22:10:12 [notice] 1#1: worker process 29 exited with code 0
2026/05/17 22:10:12 [notice] 1#1: worker process 31 exited with code 0
2026/05/17 22:10:12 [notice] 1#1: worker process 40 exited with code 0
2026/05/17 22:10:12 [notice] 1#1: signal 29 (SIGIO) received
2026/05/17 22:10:12 [notice] 1#1: signal 17 (SIGCHLD) received from 26
2026/05/17 22:10:12 [notice] 1#1: signal 17 (SIGCHLD) received from 34
2026/05/17 22:10:12 [notice] 1#1: worker process 34 exited with code 0
2026/05/17 22:10:12 [notice] 1#1: signal 29 (SIGIO) received
2026/05/17 22:10:12 [notice] 1#1: signal 17 (SIGCHLD) received from 38
2026/05/17 22:10:12 [notice] 1#1: worker process 30 exited with code 0
2026/05/17 22:10:12 [notice] 1#1: worker process 32 exited with code 0
2026/05/17 22:10:12 [notice] 1#1: worker process 33 exited with code 0
2026/05/17 22:10:12 [notice] 1#1: worker process 35 exited with code 0
2026/05/17 22:10:12 [notice] 1#1: worker process 38 exited with code 0
2026/05/17 22:10:12 [notice] 1#1: signal 29 (SIGIO) received
2026/05/17 22:10:12 [notice] 1#1: signal 17 (SIGCHLD) received from 30
2026/05/17 22:10:12 [notice] 1#1: signal 17 (SIGCHLD) received from 36
2026/05/17 22:10:12 [notice] 1#1: worker process 36 exited with code 0
2026/05/17 22:10:12 [notice] 1#1: signal 29 (SIGIO) received
2026/05/17 22:10:12 [notice] 1#1: signal 17 (SIGCHLD) received from 39
2026/05/17 22:10:12 [notice] 1#1: worker process 37 exited with code 0
2026/05/17 22:10:12 [notice] 1#1: worker process 39 exited with code 0
2026/05/17 22:10:12 [notice] 1#1: exit
2026/05/31 20:23:54 [notice] 1#1: using the "epoll" event method
2026/05/31 20:23:54 [notice] 1#1: nginx/1.28.2
2026/05/31 20:23:54 [notice] 1#1: built by gcc 14.2.0 (Debian 14.2.0-19) 
2026/05/31 20:23:54 [notice] 1#1: OS: Linux 6.6.87.2-microsoft-standard-WSL2
2026/05/31 20:23:54 [notice] 1#1: getrlimit(RLIMIT_NOFILE): 1048576:1048576
2026/05/31 20:23:54 [notice] 1#1: start worker processes
2026/05/31 20:23:54 [notice] 1#1: start worker process 21
2026/05/31 20:23:54 [notice] 1#1: start worker process 22
2026/05/31 20:23:54 [notice] 1#1: start worker process 23
2026/05/31 20:23:54 [notice] 1#1: start worker process 24
2026/05/31 20:23:54 [notice] 1#1: start worker process 25
2026/05/31 20:23:54 [notice] 1#1: start worker process 26
2026/05/31 20:23:54 [notice] 1#1: start worker process 27
2026/05/31 20:23:54 [notice] 1#1: start worker process 28
2026/05/31 20:23:54 [notice] 1#1: start worker process 29
2026/05/31 20:23:54 [notice] 1#1: start worker process 30
2026/05/31 20:23:54 [notice] 1#1: start worker process 31
2026/05/31 20:23:54 [notice] 1#1: start worker process 32
2026/05/31 20:23:54 [notice] 1#1: start worker process 33
2026/05/31 20:23:54 [notice] 1#1: start worker process 34
2026/05/31 20:23:54 [notice] 1#1: start worker process 35
2026/05/31 20:23:54 [notice] 1#1: start worker process 36
2026/05/31 20:23:54 [notice] 1#1: start worker process 37
2026/05/31 20:23:54 [notice] 1#1: start worker process 38
2026/05/31 20:23:54 [notice] 1#1: start worker process 39
2026/05/31 20:23:54 [notice] 1#1: start worker process 40
2026/05/31 20:32:06 [error] 27#27: *13 limiting requests, excess: 5.805 by zone "advanced_limit", client: 172.20.0.4, server: _, request: "GET / HTTP/1.1", host: "reverse-proxy"
2026/05/31 20:32:06 [error] 28#28: *14 limiting requests, excess: 5.790 by zone "advanced_limit", client: 172.20.0.4, server: _, request: "GET / HTTP/1.1", host: "reverse-proxy"
2026/05/31 20:32:07 [error] 29#29: *15 limiting requests, excess: 5.775 by zone "advanced_limit", client: 172.20.0.4, server: _, request: "GET / HTTP/1.1", host: "reverse-proxy"
2026/05/31 20:32:07 [error] 30#30: *16 limiting requests, excess: 5.757 by zone "advanced_limit", client: 172.20.0.4, server: _, request: "GET / HTTP/1.1", host: "reverse-proxy"
2026/05/31 20:32:07 [error] 31#31: *17 limiting requests, excess: 5.742 by zone "advanced_limit", client: 172.20.0.4, server: _, request: "GET / HTTP/1.1", host: "reverse-proxy"
2026/05/31 20:32:07 [error] 32#32: *18 limiting requests, excess: 5.724 by zone "advanced_limit", client: 172.20.0.4, server: _, request: "GET / HTTP/1.1", host: "reverse-proxy"
2026/05/31 20:32:07 [error] 33#33: *19 limiting requests, excess: 5.709 by zone "advanced_limit", client: 172.20.0.4, server: _, request: "GET / HTTP/1.1", host: "reverse-proxy"
2026/05/31 20:32:07 [error] 34#34: *20 limiting requests, excess: 5.691 by zone "advanced_limit", client: 172.20.0.4, server: _, request: "GET / HTTP/1.1", host: "reverse-proxy"
2026/05/31 20:32:07 [error] 35#35: *21 limiting requests, excess: 5.676 by zone "advanced_limit", client: 172.20.0.4, server: _, request: "GET / HTTP/1.1", host: "reverse-proxy"
2026/05/31 20:32:07 [error] 36#36: *22 limiting requests, excess: 5.658 by zone "advanced_limit", client: 172.20.0.4, server: _, request: "GET / HTTP/1.1", host: "reverse-proxy"
2026/05/31 20:32:07 [error] 37#37: *23 limiting requests, excess: 5.640 by zone "advanced_limit", client: 172.20.0.4, server: _, request: "GET / HTTP/1.1", host: "reverse-proxy"
2026/05/31 20:32:07 [error] 38#38: *24 limiting requests, excess: 5.622 by zone "advanced_limit", client: 172.20.0.4, server: _, request: "GET / HTTP/1.1", host: "reverse-proxy"
2026/05/31 20:32:07 [error] 39#39: *25 limiting requests, excess: 5.604 by zone "advanced_limit", client: 172.20.0.4, server: _, request: "GET / HTTP/1.1", host: "reverse-proxy"
2026/05/31 20:32:07 [error] 40#40: *26 limiting requests, excess: 5.586 by zone "advanced_limit", client: 172.20.0.4, server: _, request: "GET / HTTP/1.1", host: "reverse-proxy"
2026/05/31 20:32:07 [error] 21#21: *27 limiting requests, excess: 5.571 by zone "advanced_limit", client: 172.20.0.4, server: _, request: "GET / HTTP/1.1", host: "reverse-proxy"
2026/05/31 20:32:07 [error] 21#21: *28 limiting requests, excess: 5.553 by zone "advanced_limit", client: 172.20.0.4, server: _, request: "GET / HTTP/1.1", host: "reverse-proxy"
2026/05/31 20:32:07 [error] 21#21: *29 limiting requests, excess: 5.535 by zone "advanced_limit", client: 172.20.0.4, server: _, request: "GET / HTTP/1.1", host: "reverse-proxy"
2026/05/31 20:32:07 [error] 21#21: *30 limiting requests, excess: 5.520 by zone "advanced_limit", client: 172.20.0.4, server: _, request: "GET / HTTP/1.1", host: "reverse-proxy"
2026/05/31 20:32:07 [error] 21#21: *31 limiting requests, excess: 5.505 by zone "advanced_limit", client: 172.20.0.4, server: _, request: "GET / HTTP/1.1", host: "reverse-proxy"
2026/05/31 20:32:07 [error] 21#21: *32 limiting requests, excess: 5.487 by zone "advanced_limit", client: 172.20.0.4, server: _, request: "GET / HTTP/1.1", host: "reverse-proxy"
2026/05/31 20:32:07 [error] 21#21: *33 limiting requests, excess: 5.469 by zone "advanced_limit", client: 172.20.0.4, server: _, request: "GET / HTTP/1.1", host: "reverse-proxy"
2026/05/31 20:32:07 [error] 21#21: *34 limiting requests, excess: 5.454 by zone "advanced_limit", client: 172.20.0.4, server: _, request: "GET / HTTP/1.1", host: "reverse-proxy"
2026/05/31 20:32:07 [error] 21#21: *35 limiting requests, excess: 5.436 by zone "advanced_limit", client: 172.20.0.4, server: _, request: "GET / HTTP/1.1", host: "reverse-proxy"
2026/05/31 20:32:07 [error] 21#21: *36 limiting requests, excess: 5.421 by zone "advanced_limit", client: 172.20.0.4, server: _, request: "GET / HTTP/1.1", host: "reverse-proxy"
2026/05/31 20:32:07 [error] 21#21: *37 limiting requests, excess: 5.403 by zone "advanced_limit", client: 172.20.0.4, server: _, request: "GET / HTTP/1.1", host: "reverse-proxy"
2026/05/31 20:32:07 [error] 21#21: *38 limiting requests, excess: 5.385 by zone "advanced_limit", client: 172.20.0.4, server: _, request: "GET / HTTP/1.1", host: "reverse-proxy"
2026/05/31 20:32:07 [error] 21#21: *39 limiting requests, excess: 5.370 by zone "advanced_limit", client: 172.20.0.4, server: _, request: "GET / HTTP/1.1", host: "reverse-proxy"
2026/05/31 20:32:07 [error] 21#21: *40 limiting requests, excess: 5.355 by zone "advanced_limit", client: 172.20.0.4, server: _, request: "GET / HTTP/1.1", host: "reverse-proxy"
2026/05/31 20:32:07 [error] 21#21: *41 limiting requests, excess: 5.340 by zone "advanced_limit", client: 172.20.0.4, server: _, request: "GET / HTTP/1.1", host: "reverse-proxy"
2026/05/31 20:32:07 [error] 21#21: *42 limiting requests, excess: 5.325 by zone "advanced_limit", client: 172.20.0.4, server: _, request: "GET / HTTP/1.1", host: "reverse-proxy"
2026/05/31 20:32:07 [error] 22#22: *43 limiting requests, excess: 5.310 by zone "advanced_limit", client: 172.20.0.4, server: _, request: "GET / HTTP/1.1", host: "reverse-proxy"
2026/05/31 20:32:07 [error] 22#22: *44 limiting requests, excess: 5.295 by zone "advanced_limit", client: 172.20.0.4, server: _, request: "GET / HTTP/1.1", host: "reverse-proxy"
2026/05/31 20:32:07 [error] 22#22: *45 limiting requests, excess: 5.277 by zone "advanced_limit", client: 172.20.0.4, server: _, request: "GET / HTTP/1.1", host: "reverse-proxy"
2026/05/31 20:32:07 [error] 22#22: *46 limiting requests, excess: 5.259 by zone "advanced_limit", client: 172.20.0.4, server: _, request: "GET / HTTP/1.1", host: "reverse-proxy"
2026/05/31 20:32:07 [error] 22#22: *47 limiting requests, excess: 5.244 by zone "advanced_limit", client: 172.20.0.4, server: _, request: "GET / HTTP/1.1", host: "reverse-proxy"
2026/05/31 20:32:07 [error] 22#22: *48 limiting requests, excess: 5.229 by zone "advanced_limit", client: 172.20.0.4, server: _, request: "GET / HTTP/1.1", host: "reverse-proxy"
2026/05/31 20:32:07 [error] 22#22: *49 limiting requests, excess: 5.214 by zone "advanced_limit", client: 172.20.0.4, server: _, request: "GET / HTTP/1.1", host: "reverse-proxy"
2026/05/31 20:32:07 [error] 22#22: *50 limiting requests, excess: 5.193 by zone "advanced_limit", client: 172.20.0.4, server: _, request: "GET / HTTP/1.1", host: "reverse-proxy"
2026/05/31 20:32:07 [error] 22#22: *51 limiting requests, excess: 5.178 by zone "advanced_limit", client: 172.20.0.4, server: _, request: "GET / HTTP/1.1", host: "reverse-proxy"
2026/05/31 20:32:07 [error] 22#22: *52 limiting requests, excess: 5.160 by zone "advanced_limit", client: 172.20.0.4, server: _, request: "GET / HTTP/1.1", host: "reverse-proxy"
2026/05/31 20:32:07 [error] 22#22: *53 limiting requests, excess: 5.142 by zone "advanced_limit", client: 172.20.0.4, server: _, request: "GET / HTTP/1.1", host: "reverse-proxy"
2026/05/31 20:32:07 [error] 22#22: *54 limiting requests, excess: 5.127 by zone "advanced_limit", client: 172.20.0.4, server: _, request: "GET / HTTP/1.1", host: "reverse-proxy"
2026/05/31 20:32:07 [error] 22#22: *55 limiting requests, excess: 5.109 by zone "advanced_limit", client: 172.20.0.4, server: _, request: "GET / HTTP/1.1", host: "reverse-proxy"
2026/05/31 20:32:07 [error] 22#22: *56 limiting requests, excess: 5.094 by zone "advanced_limit", client: 172.20.0.4, server: _, request: "GET / HTTP/1.1", host: "reverse-proxy"
2026/05/31 20:34:44 [error] 23#23: *66 limiting requests, excess: 3.922 by zone "advanced_limit", client: 172.20.0.4, server: _, request: "POST /login HTTP/1.1", host: "reverse-proxy"
2026/05/31 20:34:44 [error] 23#23: *67 limiting requests, excess: 3.904 by zone "advanced_limit", client: 172.20.0.4, server: _, request: "POST /login HTTP/1.1", host: "reverse-proxy"
2026/05/31 20:34:44 [error] 23#23: *68 limiting requests, excess: 3.889 by zone "advanced_limit", client: 172.20.0.4, server: _, request: "POST /login HTTP/1.1", host: "reverse-proxy"
2026/05/31 20:34:44 [error] 23#23: *69 limiting requests, excess: 3.874 by zone "advanced_limit", client: 172.20.0.4, server: _, request: "POST /login HTTP/1.1", host: "reverse-proxy"
2026/05/31 20:34:44 [error] 23#23: *70 limiting requests, excess: 3.856 by zone "advanced_limit", client: 172.20.0.4, server: _, request: "POST /login HTTP/1.1", host: "reverse-proxy"
2026/05/31 20:34:44 [error] 23#23: *71 limiting requests, excess: 3.835 by zone "advanced_limit", client: 172.20.0.4, server: _, request: "POST /login HTTP/1.1", host: "reverse-proxy"
2026/05/31 20:34:44 [error] 23#23: *72 limiting requests, excess: 3.817 by zone "advanced_limit", client: 172.20.0.4, server: _, request: "POST /login HTTP/1.1", host: "reverse-proxy"
2026/05/31 20:34:44 [error] 23#23: *73 limiting requests, excess: 3.802 by zone "advanced_limit", client: 172.20.0.4, server: _, request: "POST /login HTTP/1.1", host: "reverse-proxy"
2026/05/31 20:34:44 [error] 23#23: *74 limiting requests, excess: 3.787 by zone "advanced_limit", client: 172.20.0.4, server: _, request: "POST /login HTTP/1.1", host: "reverse-proxy"
2026/05/31 20:34:44 [error] 23#23: *75 limiting requests, excess: 3.769 by zone "advanced_limit", client: 172.20.0.4, server: _, request: "POST /login HTTP/1.1", host: "reverse-proxy"
2026/05/31 20:34:44 [error] 23#23: *76 limiting requests, excess: 3.754 by zone "advanced_limit", client: 172.20.0.4, server: _, request: "POST /login HTTP/1.1", host: "reverse-proxy"
2026/05/31 20:34:44 [error] 23#23: *77 limiting requests, excess: 3.736 by zone "advanced_limit", client: 172.20.0.4, server: _, request: "POST /login HTTP/1.1", host: "reverse-proxy"
2026/05/31 20:34:44 [error] 23#23: *78 limiting requests, excess: 3.721 by zone "advanced_limit", client: 172.20.0.4, server: _, request: "POST /login HTTP/1.1", host: "reverse-proxy"
2026/05/31 20:34:44 [error] 24#24: *79 limiting requests, excess: 3.703 by zone "advanced_limit", client: 172.20.0.4, server: _, request: "POST /login HTTP/1.1", host: "reverse-proxy"
2026/05/31 20:34:44 [error] 24#24: *80 limiting requests, excess: 3.685 by zone "advanced_limit", client: 172.20.0.4, server: _, request: "POST /login HTTP/1.1", host: "reverse-proxy"
2026/05/31 20:34:44 [error] 24#24: *81 limiting requests, excess: 3.670 by zone "advanced_limit", client: 172.20.0.4, server: _, request: "POST /login HTTP/1.1", host: "reverse-proxy"
2026/05/31 20:35:05 [error] 24#24: *95 limiting requests, excess: 5.865 by zone "advanced_limit", client: 172.20.0.4, server: _, request: "GET / HTTP/1.1", host: "reverse-proxy"
2026/05/31 20:35:05 [error] 24#24: *96 limiting requests, excess: 5.844 by zone "advanced_limit", client: 172.20.0.4, server: _, request: "GET / HTTP/1.1", host: "reverse-proxy"
2026/05/31 20:35:05 [error] 24#24: *97 limiting requests, excess: 5.829 by zone "advanced_limit", client: 172.20.0.4, server: _, request: "GET / HTTP/1.1", host: "reverse-proxy"
2026/05/31 20:35:05 [error] 24#24: *98 limiting requests, excess: 5.811 by zone "advanced_limit", client: 172.20.0.4, server: _, request: "GET / HTTP/1.1", host: "reverse-proxy"
2026/05/31 20:35:05 [error] 24#24: *99 limiting requests, excess: 5.793 by zone "advanced_limit", client: 172.20.0.4, server: _, request: "GET / HTTP/1.1", host: "reverse-proxy"
2026/05/31 20:35:05 [error] 24#24: *100 limiting requests, excess: 5.775 by zone "advanced_limit", client: 172.20.0.4, server: _, request: "GET / HTTP/1.1", host: "reverse-proxy"
2026/05/31 20:35:05 [error] 25#25: *101 limiting requests, excess: 5.757 by zone "advanced_limit", client: 172.20.0.4, server: _, request: "GET / HTTP/1.1", host: "reverse-proxy"
2026/05/31 20:35:05 [error] 25#25: *102 limiting requests, excess: 5.739 by zone "advanced_limit", client: 172.20.0.4, server: _, request: "GET / HTTP/1.1", host: "reverse-proxy"
2026/05/31 20:35:05 [error] 25#25: *103 limiting requests, excess: 5.718 by zone "advanced_limit", client: 172.20.0.4, server: _, request: "GET / HTTP/1.1", host: "reverse-proxy"
2026/05/31 20:35:05 [error] 25#25: *104 limiting requests, excess: 5.697 by zone "advanced_limit", client: 172.20.0.4, server: _, request: "GET / HTTP/1.1", host: "reverse-proxy"
2026/05/31 20:35:05 [error] 25#25: *105 limiting requests, excess: 5.679 by zone "advanced_limit", client: 172.20.0.4, server: _, request: "GET / HTTP/1.1", host: "reverse-proxy"
2026/05/31 20:35:05 [error] 25#25: *106 limiting requests, excess: 5.661 by zone "advanced_limit", client: 172.20.0.4, server: _, request: "GET / HTTP/1.1", host: "reverse-proxy"
2026/05/31 20:35:05 [error] 25#25: *107 limiting requests, excess: 5.640 by zone "advanced_limit", client: 172.20.0.4, server: _, request: "GET / HTTP/1.1", host: "reverse-proxy"
2026/05/31 20:35:05 [error] 25#25: *108 limiting requests, excess: 5.625 by zone "advanced_limit", client: 172.20.0.4, server: _, request: "GET / HTTP/1.1", host: "reverse-proxy"
2026/05/31 20:35:05 [error] 25#25: *109 limiting requests, excess: 5.607 by zone "advanced_limit", client: 172.20.0.4, server: _, request: "GET / HTTP/1.1", host: "reverse-proxy"
2026/05/31 20:35:05 [error] 25#25: *110 limiting requests, excess: 5.586 by zone "advanced_limit", client: 172.20.0.4, server: _, request: "GET / HTTP/1.1", host: "reverse-proxy"
2026/05/31 20:35:05 [error] 25#25: *111 limiting requests, excess: 5.568 by zone "advanced_limit", client: 172.20.0.4, server: _, request: "GET / HTTP/1.1", host: "reverse-proxy"
2026/05/31 20:35:05 [error] 25#25: *112 limiting requests, excess: 5.550 by zone "advanced_limit", client: 172.20.0.4, server: _, request: "GET / HTTP/1.1", host: "reverse-proxy"
2026/05/31 20:35:05 [error] 25#25: *113 limiting requests, excess: 5.532 by zone "advanced_limit", client: 172.20.0.4, server: _, request: "GET / HTTP/1.1", host: "reverse-proxy"
2026/05/31 20:35:05 [error] 25#25: *114 limiting requests, excess: 5.511 by zone "advanced_limit", client: 172.20.0.4, server: _, request: "GET / HTTP/1.1", host: "reverse-proxy"
2026/05/31 20:35:05 [error] 25#25: *115 limiting requests, excess: 5.490 by zone "advanced_limit", client: 172.20.0.4, server: _, request: "GET / HTTP/1.1", host: "reverse-proxy"
2026/05/31 20:35:05 [error] 25#25: *116 limiting requests, excess: 5.472 by zone "advanced_limit", client: 172.20.0.4, server: _, request: "GET / HTTP/1.1", host: "reverse-proxy"
2026/05/31 20:35:05 [error] 26#26: *117 limiting requests, excess: 5.454 by zone "advanced_limit", client: 172.20.0.4, server: _, request: "GET / HTTP/1.1", host: "reverse-proxy"
2026/05/31 20:35:05 [error] 26#26: *118 limiting requests, excess: 5.436 by zone "advanced_limit", client: 172.20.0.4, server: _, request: "GET / HTTP/1.1", host: "reverse-proxy"
2026/05/31 20:35:05 [error] 26#26: *119 limiting requests, excess: 5.418 by zone "advanced_limit", client: 172.20.0.4, server: _, request: "GET / HTTP/1.1", host: "reverse-proxy"
2026/05/31 20:35:05 [error] 26#26: *120 limiting requests, excess: 5.400 by zone "advanced_limit", client: 172.20.0.4, server: _, request: "GET / HTTP/1.1", host: "reverse-proxy"
2026/05/31 20:35:05 [error] 26#26: *121 limiting requests, excess: 5.382 by zone "advanced_limit", client: 172.20.0.4, server: _, request: "GET / HTTP/1.1", host: "reverse-proxy"
2026/05/31 20:35:05 [error] 26#26: *122 limiting requests, excess: 5.364 by zone "advanced_limit", client: 172.20.0.4, server: _, request: "GET / HTTP/1.1", host: "reverse-proxy"
2026/05/31 20:35:05 [error] 26#26: *123 limiting requests, excess: 5.346 by zone "advanced_limit", client: 172.20.0.4, server: _, request: "GET / HTTP/1.1", host: "reverse-proxy"
2026/05/31 20:35:05 [error] 26#26: *124 limiting requests, excess: 5.328 by zone "advanced_limit", client: 172.20.0.4, server: _, request: "GET / HTTP/1.1", host: "reverse-proxy"
2026/05/31 20:35:05 [error] 26#26: *125 limiting requests, excess: 5.307 by zone "advanced_limit", client: 172.20.0.4, server: _, request: "GET / HTTP/1.1", host: "reverse-proxy"
2026/05/31 20:35:05 [error] 26#26: *126 limiting requests, excess: 5.286 by zone "advanced_limit", client: 172.20.0.4, server: _, request: "GET / HTTP/1.1", host: "reverse-proxy"
2026/05/31 20:35:05 [error] 26#26: *127 limiting requests, excess: 5.268 by zone "advanced_limit", client: 172.20.0.4, server: _, request: "GET / HTTP/1.1", host: "reverse-proxy"
2026/05/31 20:35:05 [error] 26#26: *128 limiting requests, excess: 5.250 by zone "advanced_limit", client: 172.20.0.4, server: _, request: "GET / HTTP/1.1", host: "reverse-proxy"
2026/05/31 20:35:05 [error] 26#26: *129 limiting requests, excess: 5.232 by zone "advanced_limit", client: 172.20.0.4, server: _, request: "GET / HTTP/1.1", host: "reverse-proxy"
2026/05/31 20:35:05 [error] 26#26: *130 limiting requests, excess: 5.214 by zone "advanced_limit", client: 172.20.0.4, server: _, request: "GET / HTTP/1.1", host: "reverse-proxy"
2026/05/31 20:35:05 [error] 26#26: *131 limiting requests, excess: 5.196 by zone "advanced_limit", client: 172.20.0.4, server: _, request: "GET / HTTP/1.1", host: "reverse-proxy"
2026/05/31 20:35:05 [error] 26#26: *132 limiting requests, excess: 5.181 by zone "advanced_limit", client: 172.20.0.4, server: _, request: "GET / HTTP/1.1", host: "reverse-proxy"
2026/05/31 20:35:05 [error] 27#27: *133 limiting requests, excess: 5.163 by zone "advanced_limit", client: 172.20.0.4, server: _, request: "GET / HTTP/1.1", host: "reverse-proxy"
2026/05/31 20:35:05 [error] 27#27: *134 limiting requests, excess: 5.145 by zone "advanced_limit", client: 172.20.0.4, server: _, request: "GET / HTTP/1.1", host: "reverse-proxy"
2026/05/31 20:35:05 [error] 27#27: *135 limiting requests, excess: 5.127 by zone "advanced_limit", client: 172.20.0.4, server: _, request: "GET / HTTP/1.1", host: "reverse-proxy"
2026/05/31 20:35:05 [error] 27#27: *136 limiting requests, excess: 5.109 by zone "advanced_limit", client: 172.20.0.4, server: _, request: "GET / HTTP/1.1", host: "reverse-proxy"
2026/05/31 20:35:05 [error] 27#27: *137 limiting requests, excess: 5.091 by zone "advanced_limit", client: 172.20.0.4, server: _, request: "GET / HTTP/1.1", host: "reverse-proxy"
2026/05/31 20:35:05 [error] 27#27: *138 limiting requests, excess: 5.073 by zone "advanced_limit", client: 172.20.0.4, server: _, request: "GET / HTTP/1.1", host: "reverse-proxy"
2026/05/31 20:41:34 [notice] 1#1: signal 3 (SIGQUIT) received, shutting down
2026/05/31 20:41:34 [notice] 21#21: gracefully shutting down
2026/05/31 20:41:34 [notice] 37#37: gracefully shutting down
2026/05/31 20:41:34 [notice] 23#23: gracefully shutting down
2026/05/31 20:41:34 [notice] 23#23: exiting
2026/05/31 20:41:34 [notice] 25#25: gracefully shutting down
2026/05/31 20:41:34 [notice] 24#24: gracefully shutting down
2026/05/31 20:41:34 [notice] 22#22: gracefully shutting down
2026/05/31 20:41:34 [notice] 26#26: gracefully shutting down
2026/05/31 20:41:34 [notice] 27#27: gracefully shutting down
2026/05/31 20:41:34 [notice] 28#28: gracefully shutting down
2026/05/31 20:41:34 [notice] 29#29: gracefully shutting down
2026/05/31 20:41:34 [notice] 30#30: gracefully shutting down
2026/05/31 20:41:34 [notice] 31#31: gracefully shutting down
2026/05/31 20:41:34 [notice] 32#32: gracefully shutting down
2026/05/31 20:41:34 [notice] 21#21: exiting
2026/05/31 20:41:34 [notice] 36#36: gracefully shutting down
2026/05/31 20:41:34 [notice] 38#38: gracefully shutting down
2026/05/31 20:41:34 [notice] 39#39: gracefully shutting down
2026/05/31 20:41:34 [notice] 40#40: gracefully shutting down
2026/05/31 20:41:34 [notice] 34#34: gracefully shutting down
2026/05/31 20:41:34 [notice] 35#35: gracefully shutting down
2026/05/31 20:41:34 [notice] 33#33: gracefully shutting down
2026/05/31 20:41:34 [notice] 37#37: exiting
2026/05/31 20:41:34 [notice] 23#23: exit
2026/05/31 20:41:34 [notice] 25#25: exiting
2026/05/31 20:41:34 [notice] 24#24: exiting
2026/05/31 20:41:34 [notice] 22#22: exiting
2026/05/31 20:41:34 [notice] 26#26: exiting
2026/05/31 20:41:34 [notice] 27#27: exiting
2026/05/31 20:41:34 [notice] 28#28: exiting
2026/05/31 20:41:34 [notice] 29#29: exiting
2026/05/31 20:41:34 [notice] 30#30: exiting
2026/05/31 20:41:34 [notice] 31#31: exiting
2026/05/31 20:41:34 [notice] 32#32: exiting
2026/05/31 20:41:34 [notice] 21#21: exit
2026/05/31 20:41:34 [notice] 36#36: exiting
2026/05/31 20:41:34 [notice] 38#38: exiting
2026/05/31 20:41:34 [notice] 36#36: exit
2026/05/31 20:41:34 [notice] 39#39: exiting
2026/05/31 20:41:34 [notice] 40#40: exiting
2026/05/31 20:41:34 [notice] 34#34: exiting
2026/05/31 20:41:34 [notice] 35#35: exiting
2026/05/31 20:41:34 [notice] 33#33: exiting
2026/05/31 20:41:34 [notice] 37#37: exit
2026/05/31 20:41:34 [notice] 25#25: exit
2026/05/31 20:41:34 [notice] 24#24: exit
2026/05/31 20:41:34 [notice] 22#22: exit
2026/05/31 20:41:34 [notice] 26#26: exit
2026/05/31 20:41:34 [notice] 27#27: exit
2026/05/31 20:41:34 [notice] 28#28: exit
2026/05/31 20:41:34 [notice] 29#29: exit
2026/05/31 20:41:34 [notice] 30#30: exit
2026/05/31 20:41:34 [notice] 31#31: exit
2026/05/31 20:41:34 [notice] 32#32: exit
2026/05/31 20:41:34 [notice] 38#38: exit
2026/05/31 20:41:34 [notice] 39#39: exit
2026/05/31 20:41:34 [notice] 40#40: exit
2026/05/31 20:41:34 [notice] 34#34: exit
2026/05/31 20:41:34 [notice] 35#35: exit
2026/05/31 20:41:34 [notice] 33#33: exit
2026/05/31 20:41:34 [notice] 1#1: signal 17 (SIGCHLD) received from 34
2026/05/31 20:41:34 [notice] 1#1: worker process 34 exited with code 0
2026/05/31 20:41:34 [notice] 1#1: signal 29 (SIGIO) received
2026/05/31 20:41:34 [notice] 1#1: signal 17 (SIGCHLD) received from 31
2026/05/31 20:41:34 [notice] 1#1: worker process 21 exited with code 0
2026/05/31 20:41:34 [notice] 1#1: worker process 24 exited with code 0
2026/05/31 20:41:34 [notice] 1#1: worker process 26 exited with code 0
2026/05/31 20:41:34 [notice] 1#1: worker process 31 exited with code 0
2026/05/31 20:41:34 [notice] 1#1: worker process 38 exited with code 0
2026/05/31 20:41:34 [notice] 1#1: worker process 40 exited with code 0
2026/05/31 20:41:34 [notice] 1#1: signal 29 (SIGIO) received
2026/05/31 20:41:34 [notice] 1#1: signal 17 (SIGCHLD) received from 21
2026/05/31 20:41:34 [notice] 1#1: signal 17 (SIGCHLD) received from 29
2026/05/31 20:41:34 [notice] 1#1: worker process 22 exited with code 0
2026/05/31 20:41:34 [notice] 1#1: worker process 23 exited with code 0
2026/05/31 20:41:34 [notice] 1#1: worker process 25 exited with code 0
2026/05/31 20:41:34 [notice] 1#1: worker process 27 exited with code 0
2026/05/31 20:41:34 [notice] 1#1: worker process 28 exited with code 0
2026/05/31 20:41:34 [notice] 1#1: worker process 29 exited with code 0
2026/05/31 20:41:34 [notice] 1#1: worker process 30 exited with code 0
2026/05/31 20:41:34 [notice] 1#1: worker process 32 exited with code 0
2026/05/31 20:41:34 [notice] 1#1: worker process 33 exited with code 0
2026/05/31 20:41:34 [notice] 1#1: worker process 35 exited with code 0
2026/05/31 20:41:34 [notice] 1#1: worker process 36 exited with code 0
2026/05/31 20:41:34 [notice] 1#1: worker process 37 exited with code 0
2026/05/31 20:41:34 [notice] 1#1: worker process 39 exited with code 0
2026/05/31 20:41:34 [notice] 1#1: exit
2026/05/31 20:41:35 [notice] 1#1: using the "epoll" event method
2026/05/31 20:41:35 [notice] 1#1: nginx/1.28.2
2026/05/31 20:41:35 [notice] 1#1: built by gcc 14.2.0 (Debian 14.2.0-19) 
2026/05/31 20:41:35 [notice] 1#1: OS: Linux 6.6.87.2-microsoft-standard-WSL2
2026/05/31 20:41:35 [notice] 1#1: getrlimit(RLIMIT_NOFILE): 1048576:1048576
2026/05/31 20:41:35 [notice] 1#1: start worker processes
2026/05/31 20:41:35 [notice] 1#1: start worker process 21
2026/05/31 20:41:35 [notice] 1#1: start worker process 22
2026/05/31 20:41:35 [notice] 1#1: start worker process 23
2026/05/31 20:41:35 [notice] 1#1: start worker process 24
2026/05/31 20:41:35 [notice] 1#1: start worker process 25
2026/05/31 20:41:35 [notice] 1#1: start worker process 26
2026/05/31 20:41:35 [notice] 1#1: start worker process 27
2026/05/31 20:41:35 [notice] 1#1: start worker process 28
2026/05/31 20:41:35 [notice] 1#1: start worker process 29
2026/05/31 20:41:35 [notice] 1#1: start worker process 30
2026/05/31 20:41:35 [notice] 1#1: start worker process 31
2026/05/31 20:41:35 [notice] 1#1: start worker process 32
2026/05/31 20:41:35 [notice] 1#1: start worker process 33
2026/05/31 20:41:35 [notice] 1#1: start worker process 34
2026/05/31 20:41:35 [notice] 1#1: start worker process 35
2026/05/31 20:41:35 [notice] 1#1: start worker process 36
2026/05/31 20:41:35 [notice] 1#1: start worker process 37
2026/05/31 20:41:35 [notice] 1#1: start worker process 38
2026/05/31 20:41:35 [notice] 1#1: start worker process 39
2026/05/31 20:41:35 [notice] 1#1: start worker process 40
2026/05/31 20:44:50 [notice] 1#1: signal 3 (SIGQUIT) received, shutting down
2026/05/31 20:44:50 [notice] 21#21: gracefully shutting down
2026/05/31 20:44:50 [notice] 23#23: gracefully shutting down
2026/05/31 20:44:50 [notice] 22#22: gracefully shutting down
2026/05/31 20:44:50 [notice] 24#24: gracefully shutting down
2026/05/31 20:44:50 [notice] 25#25: gracefully shutting down
2026/05/31 20:44:50 [notice] 27#27: gracefully shutting down
2026/05/31 20:44:50 [notice] 28#28: gracefully shutting down
2026/05/31 20:44:50 [notice] 26#26: gracefully shutting down
2026/05/31 20:44:50 [notice] 30#30: gracefully shutting down
2026/05/31 20:44:50 [notice] 31#31: gracefully shutting down
2026/05/31 20:44:50 [notice] 32#32: gracefully shutting down
2026/05/31 20:44:50 [notice] 29#29: gracefully shutting down
2026/05/31 20:44:50 [notice] 33#33: gracefully shutting down
2026/05/31 20:44:50 [notice] 35#35: gracefully shutting down
2026/05/31 20:44:50 [notice] 34#34: gracefully shutting down
2026/05/31 20:44:50 [notice] 36#36: gracefully shutting down
2026/05/31 20:44:50 [notice] 37#37: gracefully shutting down
2026/05/31 20:44:50 [notice] 38#38: gracefully shutting down
2026/05/31 20:44:50 [notice] 38#38: exiting
2026/05/31 20:44:50 [notice] 39#39: gracefully shutting down
2026/05/31 20:44:50 [notice] 40#40: gracefully shutting down
2026/05/31 20:44:50 [notice] 21#21: exiting
2026/05/31 20:44:50 [notice] 23#23: exiting
2026/05/31 20:44:50 [notice] 22#22: exiting
2026/05/31 20:44:50 [notice] 24#24: exiting
2026/05/31 20:44:50 [notice] 25#25: exiting
2026/05/31 20:44:50 [notice] 27#27: exiting
2026/05/31 20:44:50 [notice] 28#28: exiting
2026/05/31 20:44:50 [notice] 26#26: exiting
2026/05/31 20:44:50 [notice] 30#30: exiting
2026/05/31 20:44:50 [notice] 31#31: exiting
2026/05/31 20:44:50 [notice] 32#32: exiting
2026/05/31 20:44:50 [notice] 29#29: exiting
2026/05/31 20:44:50 [notice] 33#33: exiting
2026/05/31 20:44:50 [notice] 35#35: exiting
2026/05/31 20:44:50 [notice] 34#34: exiting
2026/05/31 20:44:50 [notice] 36#36: exiting
2026/05/31 20:44:50 [notice] 37#37: exiting
2026/05/31 20:44:50 [notice] 38#38: exit
2026/05/31 20:44:50 [notice] 39#39: exiting
2026/05/31 20:44:50 [notice] 40#40: exiting
2026/05/31 20:44:50 [notice] 21#21: exit
2026/05/31 20:44:50 [notice] 23#23: exit
2026/05/31 20:44:50 [notice] 22#22: exit
2026/05/31 20:44:50 [notice] 24#24: exit
2026/05/31 20:44:50 [notice] 25#25: exit
2026/05/31 20:44:50 [notice] 27#27: exit
2026/05/31 20:44:50 [notice] 28#28: exit
2026/05/31 20:44:50 [notice] 26#26: exit
2026/05/31 20:44:50 [notice] 30#30: exit
2026/05/31 20:44:50 [notice] 31#31: exit
2026/05/31 20:44:50 [notice] 32#32: exit
2026/05/31 20:44:50 [notice] 29#29: exit
2026/05/31 20:44:50 [notice] 33#33: exit
2026/05/31 20:44:50 [notice] 35#35: exit
2026/05/31 20:44:50 [notice] 34#34: exit
2026/05/31 20:44:50 [notice] 36#36: exit
2026/05/31 20:44:50 [notice] 37#37: exit
2026/05/31 20:44:50 [notice] 39#39: exit
2026/05/31 20:44:50 [notice] 40#40: exit
2026/05/31 20:44:50 [notice] 1#1: signal 17 (SIGCHLD) received from 23
2026/05/31 20:44:50 [notice] 1#1: worker process 21 exited with code 0
2026/05/31 20:44:50 [notice] 1#1: worker process 23 exited with code 0
2026/05/31 20:44:50 [notice] 1#1: worker process 38 exited with code 0
2026/05/31 20:44:50 [notice] 1#1: signal 29 (SIGIO) received
2026/05/31 20:44:50 [notice] 1#1: signal 17 (SIGCHLD) received from 24
2026/05/31 20:44:50 [notice] 1#1: worker process 22 exited with code 0
2026/05/31 20:44:50 [notice] 1#1: worker process 24 exited with code 0
2026/05/31 20:44:50 [notice] 1#1: worker process 25 exited with code 0
2026/05/31 20:44:50 [notice] 1#1: worker process 26 exited with code 0
2026/05/31 20:44:50 [notice] 1#1: worker process 27 exited with code 0
2026/05/31 20:44:50 [notice] 1#1: worker process 28 exited with code 0
2026/05/31 20:44:50 [notice] 1#1: worker process 29 exited with code 0
2026/05/31 20:44:50 [notice] 1#1: worker process 30 exited with code 0
2026/05/31 20:44:50 [notice] 1#1: worker process 31 exited with code 0
2026/05/31 20:44:50 [notice] 1#1: worker process 32 exited with code 0
2026/05/31 20:44:50 [notice] 1#1: worker process 33 exited with code 0
2026/05/31 20:44:50 [notice] 1#1: worker process 34 exited with code 0
2026/05/31 20:44:50 [notice] 1#1: worker process 35 exited with code 0
2026/05/31 20:44:50 [notice] 1#1: worker process 36 exited with code 0
2026/05/31 20:44:50 [notice] 1#1: worker process 37 exited with code 0
2026/05/31 20:44:50 [notice] 1#1: worker process 40 exited with code 0
2026/05/31 20:44:50 [notice] 1#1: signal 29 (SIGIO) received
2026/05/31 20:44:50 [notice] 1#1: signal 17 (SIGCHLD) received from 22
2026/05/31 20:44:50 [notice] 1#1: worker process 39 exited with code 0
2026/05/31 20:44:50 [notice] 1#1: exit
2026/05/31 20:44:53 [emerg] 1#1: host not found in upstream "webapp" in /etc/nginx/conf.d/default.conf:13
2026/05/31 20:44:57 [notice] 1#1: using the "epoll" event method
2026/05/31 20:44:57 [notice] 1#1: nginx/1.28.2
2026/05/31 20:44:57 [notice] 1#1: built by gcc 14.2.0 (Debian 14.2.0-19) 
2026/05/31 20:44:57 [notice] 1#1: OS: Linux 6.6.87.2-microsoft-standard-WSL2
2026/05/31 20:44:57 [notice] 1#1: getrlimit(RLIMIT_NOFILE): 1048576:1048576
2026/05/31 20:44:57 [notice] 1#1: start worker processes
2026/05/31 20:44:57 [notice] 1#1: start worker process 21
2026/05/31 20:44:57 [notice] 1#1: start worker process 22
2026/05/31 20:44:57 [notice] 1#1: start worker process 23
2026/05/31 20:44:57 [notice] 1#1: start worker process 24
2026/05/31 20:44:57 [notice] 1#1: start worker process 25
2026/05/31 20:44:57 [notice] 1#1: start worker process 26
2026/05/31 20:44:57 [notice] 1#1: start worker process 27
2026/05/31 20:44:57 [notice] 1#1: start worker process 28
2026/05/31 20:44:57 [notice] 1#1: start worker process 29
2026/05/31 20:44:57 [notice] 1#1: start worker process 30
2026/05/31 20:44:57 [notice] 1#1: start worker process 31
2026/05/31 20:44:57 [notice] 1#1: start worker process 32
2026/05/31 20:44:57 [notice] 1#1: start worker process 33
2026/05/31 20:44:57 [notice] 1#1: start worker process 34
2026/05/31 20:44:57 [notice] 1#1: start worker process 35
2026/05/31 20:44:57 [notice] 1#1: start worker process 36
2026/05/31 20:44:57 [notice] 1#1: start worker process 37
2026/05/31 20:44:57 [notice] 1#1: start worker process 38
2026/05/31 20:44:57 [notice] 1#1: start worker process 39
2026/05/31 20:44:57 [notice] 1#1: start worker process 40
2026/05/31 20:47:09 [notice] 1#1: signal 3 (SIGQUIT) received, shutting down
2026/05/31 20:47:09 [notice] 21#21: gracefully shutting down
2026/05/31 20:47:09 [notice] 37#37: gracefully shutting down
2026/05/31 20:47:09 [notice] 23#23: gracefully shutting down
2026/05/31 20:47:09 [notice] 22#22: gracefully shutting down
2026/05/31 20:47:09 [notice] 24#24: gracefully shutting down
2026/05/31 20:47:09 [notice] 26#26: gracefully shutting down
2026/05/31 20:47:09 [notice] 27#27: gracefully shutting down
2026/05/31 20:47:09 [notice] 25#25: gracefully shutting down
2026/05/31 20:47:09 [notice] 28#28: gracefully shutting down
2026/05/31 20:47:09 [notice] 29#29: gracefully shutting down
2026/05/31 20:47:09 [notice] 31#31: gracefully shutting down
2026/05/31 20:47:09 [notice] 30#30: gracefully shutting down
2026/05/31 20:47:09 [notice] 32#32: gracefully shutting down
2026/05/31 20:47:09 [notice] 34#34: gracefully shutting down
2026/05/31 20:47:09 [notice] 35#35: gracefully shutting down
2026/05/31 20:47:09 [notice] 33#33: gracefully shutting down
2026/05/31 20:47:09 [notice] 36#36: gracefully shutting down
2026/05/31 20:47:09 [notice] 36#36: exiting
2026/05/31 20:47:09 [notice] 39#39: gracefully shutting down
2026/05/31 20:47:09 [notice] 40#40: gracefully shutting down
2026/05/31 20:47:09 [notice] 38#38: gracefully shutting down
2026/05/31 20:47:09 [notice] 21#21: exiting
2026/05/31 20:47:09 [notice] 37#37: exiting
2026/05/31 20:47:09 [notice] 23#23: exiting
2026/05/31 20:47:09 [notice] 22#22: exiting
2026/05/31 20:47:09 [notice] 24#24: exiting
2026/05/31 20:47:09 [notice] 26#26: exiting
2026/05/31 20:47:09 [notice] 27#27: exiting
2026/05/31 20:47:09 [notice] 25#25: exiting
2026/05/31 20:47:09 [notice] 28#28: exiting
2026/05/31 20:47:09 [notice] 29#29: exiting
2026/05/31 20:47:09 [notice] 31#31: exiting
2026/05/31 20:47:09 [notice] 30#30: exiting
2026/05/31 20:47:09 [notice] 32#32: exiting
2026/05/31 20:47:09 [notice] 34#34: exiting
2026/05/31 20:47:09 [notice] 35#35: exiting
2026/05/31 20:47:09 [notice] 33#33: exiting
2026/05/31 20:47:09 [notice] 36#36: exit
2026/05/31 20:47:09 [notice] 39#39: exiting
2026/05/31 20:47:09 [notice] 40#40: exiting
2026/05/31 20:47:09 [notice] 38#38: exiting
2026/05/31 20:47:09 [notice] 21#21: exit
2026/05/31 20:47:09 [notice] 37#37: exit
2026/05/31 20:47:09 [notice] 23#23: exit
2026/05/31 20:47:09 [notice] 22#22: exit
2026/05/31 20:47:09 [notice] 24#24: exit
2026/05/31 20:47:09 [notice] 26#26: exit
2026/05/31 20:47:09 [notice] 27#27: exit
2026/05/31 20:47:09 [notice] 25#25: exit
2026/05/31 20:47:09 [notice] 28#28: exit
2026/05/31 20:47:09 [notice] 29#29: exit
2026/05/31 20:47:09 [notice] 31#31: exit
2026/05/31 20:47:09 [notice] 30#30: exit
2026/05/31 20:47:09 [notice] 32#32: exit
2026/05/31 20:47:09 [notice] 34#34: exit
2026/05/31 20:47:09 [notice] 35#35: exit
2026/05/31 20:47:09 [notice] 33#33: exit
2026/05/31 20:47:09 [notice] 39#39: exit
2026/05/31 20:47:09 [notice] 40#40: exit
2026/05/31 20:47:09 [notice] 38#38: exit
2026/05/31 20:47:09 [notice] 1#1: signal 17 (SIGCHLD) received from 37
2026/05/31 20:47:09 [notice] 1#1: worker process 29 exited with code 0
2026/05/31 20:47:09 [notice] 1#1: worker process 37 exited with code 0
2026/05/31 20:47:09 [notice] 1#1: signal 29 (SIGIO) received
2026/05/31 20:47:09 [notice] 1#1: signal 17 (SIGCHLD) received from 29
2026/05/31 20:47:09 [notice] 1#1: signal 17 (SIGCHLD) received from 21
2026/05/31 20:47:09 [notice] 1#1: worker process 21 exited with code 0
2026/05/31 20:47:09 [notice] 1#1: worker process 23 exited with code 0
2026/05/31 20:47:09 [notice] 1#1: worker process 24 exited with code 0
2026/05/31 20:47:09 [notice] 1#1: worker process 25 exited with code 0
2026/05/31 20:47:09 [notice] 1#1: worker process 26 exited with code 0
2026/05/31 20:47:09 [notice] 1#1: worker process 27 exited with code 0
2026/05/31 20:47:09 [notice] 1#1: worker process 28 exited with code 0
2026/05/31 20:47:09 [notice] 1#1: worker process 31 exited with code 0
2026/05/31 20:47:09 [notice] 1#1: worker process 32 exited with code 0
2026/05/31 20:47:09 [notice] 1#1: worker process 35 exited with code 0
2026/05/31 20:47:09 [notice] 1#1: worker process 36 exited with code 0
2026/05/31 20:47:09 [notice] 1#1: signal 29 (SIGIO) received
2026/05/31 20:47:09 [notice] 1#1: signal 17 (SIGCHLD) received from 25
2026/05/31 20:47:09 [notice] 1#1: signal 17 (SIGCHLD) received from 33
2026/05/31 20:47:09 [notice] 1#1: worker process 22 exited with code 0
2026/05/31 20:47:09 [notice] 1#1: worker process 30 exited with code 0
2026/05/31 20:47:09 [notice] 1#1: worker process 33 exited with code 0
2026/05/31 20:47:09 [notice] 1#1: worker process 34 exited with code 0
2026/05/31 20:47:09 [notice] 1#1: worker process 38 exited with code 0
2026/05/31 20:47:09 [notice] 1#1: worker process 39 exited with code 0
2026/05/31 20:47:09 [notice] 1#1: worker process 40 exited with code 0
2026/05/31 20:47:09 [notice] 1#1: exit
2026/05/31 20:47:10 [notice] 1#1: using the "epoll" event method
2026/05/31 20:47:10 [notice] 1#1: nginx/1.28.2
2026/05/31 20:47:10 [notice] 1#1: built by gcc 14.2.0 (Debian 14.2.0-19) 
2026/05/31 20:47:10 [notice] 1#1: OS: Linux 6.6.87.2-microsoft-standard-WSL2
2026/05/31 20:47:10 [notice] 1#1: getrlimit(RLIMIT_NOFILE): 1048576:1048576
2026/05/31 20:47:10 [notice] 1#1: start worker processes
2026/05/31 20:47:10 [notice] 1#1: start worker process 21
2026/05/31 20:47:10 [notice] 1#1: start worker process 22
2026/05/31 20:47:10 [notice] 1#1: start worker process 23
2026/05/31 20:47:10 [notice] 1#1: start worker process 24
2026/05/31 20:47:10 [notice] 1#1: start worker process 25
2026/05/31 20:47:10 [notice] 1#1: start worker process 26
2026/05/31 20:47:10 [notice] 1#1: start worker process 27
2026/05/31 20:47:10 [notice] 1#1: start worker process 28
2026/05/31 20:47:10 [notice] 1#1: start worker process 29
2026/05/31 20:47:10 [notice] 1#1: start worker process 30
2026/05/31 20:47:10 [notice] 1#1: start worker process 31
2026/05/31 20:47:10 [notice] 1#1: start worker process 32
2026/05/31 20:47:10 [notice] 1#1: start worker process 33
2026/05/31 20:47:10 [notice] 1#1: start worker process 34
2026/05/31 20:47:10 [notice] 1#1: start worker process 35
2026/05/31 20:47:10 [notice] 1#1: start worker process 36
2026/05/31 20:47:10 [notice] 1#1: start worker process 37
2026/05/31 20:47:10 [notice] 1#1: start worker process 38
2026/05/31 20:47:10 [notice] 1#1: start worker process 39
2026/05/31 20:47:10 [notice] 1#1: start worker process 40
2026/05/31 20:57:48 [error] 21#21: *45 limiting requests, excess: 20.330 by zone "basic_limit", client: 172.20.0.2, server: _, request: "GET / HTTP/1.1", host: "reverse-proxy"
2026/05/31 20:57:48 [error] 21#21: *46 limiting requests, excess: 20.270 by zone "basic_limit", client: 172.20.0.2, server: _, request: "GET / HTTP/1.1", host: "reverse-proxy"
2026/05/31 20:57:48 [error] 21#21: *47 limiting requests, excess: 20.210 by zone "basic_limit", client: 172.20.0.2, server: _, request: "GET / HTTP/1.1", host: "reverse-proxy"
2026/05/31 20:57:48 [error] 21#21: *48 limiting requests, excess: 20.150 by zone "basic_limit", client: 172.20.0.2, server: _, request: "GET / HTTP/1.1", host: "reverse-proxy"
2026/05/31 20:57:48 [error] 21#21: *49 limiting requests, excess: 20.100 by zone "basic_limit", client: 172.20.0.2, server: _, request: "GET / HTTP/1.1", host: "reverse-proxy"
2026/05/31 20:57:48 [error] 21#21: *50 limiting requests, excess: 20.040 by zone "basic_limit", client: 172.20.0.2, server: _, request: "GET / HTTP/1.1", host: "reverse-proxy"
2026/05/31 20:57:48 [error] 21#21: *53 limiting requests, excess: 20.920 by zone "basic_limit", client: 172.20.0.2, server: _, request: "GET / HTTP/1.1", host: "reverse-proxy"
2026/05/31 20:57:48 [error] 21#21: *54 limiting requests, excess: 20.860 by zone "basic_limit", client: 172.20.0.2, server: _, request: "GET / HTTP/1.1", host: "reverse-proxy"
2026/05/31 20:57:48 [error] 21#21: *55 limiting requests, excess: 20.740 by zone "basic_limit", client: 172.20.0.2, server: _, request: "GET / HTTP/1.1", host: "reverse-proxy"
2026/05/31 20:57:48 [error] 21#21: *56 limiting requests, excess: 20.670 by zone "basic_limit", client: 172.20.0.2, server: _, request: "GET / HTTP/1.1", host: "reverse-proxy"
2026/05/31 20:57:48 [error] 21#21: *57 limiting requests, excess: 20.620 by zone "basic_limit", client: 172.20.0.2, server: _, request: "GET / HTTP/1.1", host: "reverse-proxy"
2026/05/31 20:57:48 [error] 21#21: *58 limiting requests, excess: 20.570 by zone "basic_limit", client: 172.20.0.2, server: _, request: "GET / HTTP/1.1", host: "reverse-proxy"
2026/05/31 20:57:48 [error] 21#21: *59 limiting requests, excess: 20.510 by zone "basic_limit", client: 172.20.0.2, server: _, request: "GET / HTTP/1.1", host: "reverse-proxy"
2026/05/31 20:57:48 [error] 22#22: *60 limiting requests, excess: 20.450 by zone "basic_limit", client: 172.20.0.2, server: _, request: "GET / HTTP/1.1", host: "reverse-proxy"
2026/05/31 20:57:48 [error] 22#22: *61 limiting requests, excess: 20.390 by zone "basic_limit", client: 172.20.0.2, server: _, request: "GET / HTTP/1.1", host: "reverse-proxy"
2026/05/31 20:57:48 [error] 22#22: *62 limiting requests, excess: 20.340 by zone "basic_limit", client: 172.20.0.2, server: _, request: "GET / HTTP/1.1", host: "reverse-proxy"
2026/05/31 20:57:48 [error] 22#22: *63 limiting requests, excess: 20.280 by zone "basic_limit", client: 172.20.0.2, server: _, request: "GET / HTTP/1.1", host: "reverse-proxy"
2026/05/31 20:57:48 [error] 22#22: *64 limiting requests, excess: 20.220 by zone "basic_limit", client: 172.20.0.2, server: _, request: "GET / HTTP/1.1", host: "reverse-proxy"
2026/05/31 20:57:48 [error] 22#22: *65 limiting requests, excess: 20.160 by zone "basic_limit", client: 172.20.0.2, server: _, request: "GET / HTTP/1.1", host: "reverse-proxy"
2026/05/31 20:57:48 [error] 22#22: *66 limiting requests, excess: 20.110 by zone "basic_limit", client: 172.20.0.2, server: _, request: "GET / HTTP/1.1", host: "reverse-proxy"
2026/05/31 20:57:48 [error] 22#22: *67 limiting requests, excess: 20.050 by zone "basic_limit", client: 172.20.0.2, server: _, request: "GET / HTTP/1.1", host: "reverse-proxy"
2026/05/31 20:57:48 [error] 22#22: *70 limiting requests, excess: 20.920 by zone "basic_limit", client: 172.20.0.2, server: _, request: "GET / HTTP/1.1", host: "reverse-proxy"
2026/05/31 20:57:48 [error] 22#22: *71 limiting requests, excess: 20.840 by zone "basic_limit", client: 172.20.0.2, server: _, request: "GET / HTTP/1.1", host: "reverse-proxy"
2026/05/31 20:57:48 [error] 22#22: *72 limiting requests, excess: 20.780 by zone "basic_limit", client: 172.20.0.2, server: _, request: "GET / HTTP/1.1", host: "reverse-proxy"
2026/05/31 20:57:48 [error] 22#22: *73 limiting requests, excess: 20.720 by zone "basic_limit", client: 172.20.0.2, server: _, request: "GET / HTTP/1.1", host: "reverse-proxy"
2026/05/31 20:57:48 [error] 22#22: *74 limiting requests, excess: 20.670 by zone "basic_limit", client: 172.20.0.2, server: _, request: "GET / HTTP/1.1", host: "reverse-proxy"
2026/05/31 20:58:22 [error] 25#25: *159 limiting requests, excess: 20.530 by zone "basic_limit", client: 172.20.0.2, server: _, request: "GET / HTTP/1.1", host: "reverse-proxy"
2026/05/31 20:58:22 [error] 25#25: *160 limiting requests, excess: 20.480 by zone "basic_limit", client: 172.20.0.2, server: _, request: "GET / HTTP/1.1", host: "reverse-proxy"
2026/05/31 20:58:22 [error] 25#25: *161 limiting requests, excess: 20.420 by zone "basic_limit", client: 172.20.0.2, server: _, request: "GET / HTTP/1.1", host: "reverse-proxy"
2026/05/31 20:58:22 [error] 25#25: *162 limiting requests, excess: 20.360 by zone "basic_limit", client: 172.20.0.2, server: _, request: "GET / HTTP/1.1", host: "reverse-proxy"
2026/05/31 20:58:22 [error] 25#25: *163 limiting requests, excess: 20.300 by zone "basic_limit", client: 172.20.0.2, server: _, request: "GET / HTTP/1.1", host: "reverse-proxy"
2026/05/31 20:58:22 [error] 25#25: *164 limiting requests, excess: 20.220 by zone "basic_limit", client: 172.20.0.2, server: _, request: "GET / HTTP/1.1", host: "reverse-proxy"
2026/05/31 20:58:22 [error] 25#25: *165 limiting requests, excess: 20.160 by zone "basic_limit", client: 172.20.0.2, server: _, request: "GET / HTTP/1.1", host: "reverse-proxy"
2026/05/31 20:58:22 [error] 25#25: *166 limiting requests, excess: 20.100 by zone "basic_limit", client: 172.20.0.2, server: _, request: "GET / HTTP/1.1", host: "reverse-proxy"
2026/05/31 20:58:22 [error] 26#26: *167 limiting requests, excess: 20.040 by zone "basic_limit", client: 172.20.0.2, server: _, request: "GET / HTTP/1.1", host: "reverse-proxy"
2026/05/31 20:58:22 [error] 26#26: *170 limiting requests, excess: 20.910 by zone "basic_limit", client: 172.20.0.2, server: _, request: "GET / HTTP/1.1", host: "reverse-proxy"
2026/05/31 20:58:22 [error] 26#26: *171 limiting requests, excess: 20.840 by zone "basic_limit", client: 172.20.0.2, server: _, request: "GET / HTTP/1.1", host: "reverse-proxy"
2026/05/31 20:58:22 [error] 26#26: *172 limiting requests, excess: 20.770 by zone "basic_limit", client: 172.20.0.2, server: _, request: "GET / HTTP/1.1", host: "reverse-proxy"
2026/05/31 20:58:22 [error] 26#26: *173 limiting requests, excess: 20.700 by zone "basic_limit", client: 172.20.0.2, server: _, request: "GET / HTTP/1.1", host: "reverse-proxy"
2026/05/31 20:58:22 [error] 26#26: *174 limiting requests, excess: 20.640 by zone "basic_limit", client: 172.20.0.2, server: _, request: "GET / HTTP/1.1", host: "reverse-proxy"
2026/05/31 20:58:22 [error] 26#26: *175 limiting requests, excess: 20.580 by zone "basic_limit", client: 172.20.0.2, server: _, request: "GET / HTTP/1.1", host: "reverse-proxy"
2026/05/31 20:58:22 [error] 26#26: *176 limiting requests, excess: 20.520 by zone "basic_limit", client: 172.20.0.2, server: _, request: "GET / HTTP/1.1", host: "reverse-proxy"
2026/05/31 20:58:22 [error] 26#26: *177 limiting requests, excess: 20.460 by zone "basic_limit", client: 172.20.0.2, server: _, request: "GET / HTTP/1.1", host: "reverse-proxy"
2026/05/31 20:58:22 [error] 26#26: *178 limiting requests, excess: 20.400 by zone "basic_limit", client: 172.20.0.2, server: _, request: "GET / HTTP/1.1", host: "reverse-proxy"
2026/05/31 20:58:22 [error] 26#26: *179 limiting requests, excess: 20.340 by zone "basic_limit", client: 172.20.0.2, server: _, request: "GET / HTTP/1.1", host: "reverse-proxy"
2026/05/31 20:58:22 [error] 26#26: *180 limiting requests, excess: 20.280 by zone "basic_limit", client: 172.20.0.2, server: _, request: "GET / HTTP/1.1", host: "reverse-proxy"
2026/05/31 20:58:22 [error] 26#26: *181 limiting requests, excess: 20.220 by zone "basic_limit", client: 172.20.0.2, server: _, request: "GET / HTTP/1.1", host: "reverse-proxy"
2026/05/31 20:58:22 [error] 26#26: *182 limiting requests, excess: 20.130 by zone "basic_limit", client: 172.20.0.2, server: _, request: "GET / HTTP/1.1", host: "reverse-proxy"
2026/05/31 20:58:22 [error] 26#26: *183 limiting requests, excess: 20.070 by zone "basic_limit", client: 172.20.0.2, server: _, request: "GET / HTTP/1.1", host: "reverse-proxy"
2026/05/31 20:58:22 [error] 27#27: *186 limiting requests, excess: 20.920 by zone "basic_limit", client: 172.20.0.2, server: _, request: "GET / HTTP/1.1", host: "reverse-proxy"
2026/05/31 20:58:22 [error] 27#27: *187 limiting requests, excess: 20.840 by zone "basic_limit", client: 172.20.0.2, server: _, request: "GET / HTTP/1.1", host: "reverse-proxy"
2026/05/31 20:58:22 [error] 27#27: *188 limiting requests, excess: 20.770 by zone "basic_limit", client: 172.20.0.2, server: _, request: "GET / HTTP/1.1", host: "reverse-proxy"
2026/05/31 22:02:26 [notice] 1#1: signal 3 (SIGQUIT) received, shutting down
2026/05/31 22:02:26 [notice] 23#23: gracefully shutting down
2026/05/31 22:02:26 [notice] 23#23: exiting
2026/05/31 22:02:26 [notice] 22#22: gracefully shutting down
2026/05/31 22:02:26 [notice] 27#27: gracefully shutting down
2026/05/31 22:02:26 [notice] 25#25: gracefully shutting down
2026/05/31 22:02:26 [notice] 28#28: gracefully shutting down
2026/05/31 22:02:26 [notice] 28#28: exiting
2026/05/31 22:02:26 [notice] 26#26: gracefully shutting down
2026/05/31 22:02:26 [notice] 29#29: gracefully shutting down
2026/05/31 22:02:26 [notice] 32#32: gracefully shutting down
2026/05/31 22:02:26 [notice] 35#35: gracefully shutting down
2026/05/31 22:02:26 [notice] 36#36: gracefully shutting down
2026/05/31 22:02:26 [notice] 37#37: gracefully shutting down
2026/05/31 22:02:26 [notice] 31#31: gracefully shutting down
2026/05/31 22:02:26 [notice] 33#33: gracefully shutting down
2026/05/31 22:02:26 [notice] 33#33: exiting
2026/05/31 22:02:26 [notice] 40#40: gracefully shutting down
2026/05/31 22:02:26 [notice] 39#39: gracefully shutting down
2026/05/31 22:02:26 [notice] 30#30: gracefully shutting down
2026/05/31 22:02:26 [notice] 30#30: exiting
2026/05/31 22:02:26 [notice] 38#38: gracefully shutting down
2026/05/31 22:02:26 [notice] 34#34: gracefully shutting down
2026/05/31 22:02:26 [notice] 38#38: exiting
2026/05/31 22:02:26 [notice] 24#24: gracefully shutting down
2026/05/31 22:02:26 [notice] 21#21: gracefully shutting down
2026/05/31 22:02:26 [notice] 23#23: exit
2026/05/31 22:02:26 [notice] 22#22: exiting
2026/05/31 22:02:26 [notice] 22#22: exit
2026/05/31 22:02:26 [notice] 27#27: exiting
2026/05/31 22:02:26 [notice] 25#25: exiting
2026/05/31 22:02:26 [notice] 28#28: exit
2026/05/31 22:02:26 [notice] 26#26: exiting
2026/05/31 22:02:26 [notice] 29#29: exiting
2026/05/31 22:02:26 [notice] 32#32: exiting
2026/05/31 22:02:26 [notice] 35#35: exiting
2026/05/31 22:02:26 [notice] 36#36: exiting
2026/05/31 22:02:26 [notice] 37#37: exiting
2026/05/31 22:02:26 [notice] 31#31: exiting
2026/05/31 22:02:26 [notice] 33#33: exit
2026/05/31 22:02:26 [notice] 40#40: exiting
2026/05/31 22:02:26 [notice] 39#39: exiting
2026/05/31 22:02:26 [notice] 30#30: exit
2026/05/31 22:02:26 [notice] 34#34: exiting
2026/05/31 22:02:26 [notice] 38#38: exit
2026/05/31 22:02:26 [notice] 24#24: exiting
2026/05/31 22:02:26 [notice] 21#21: exiting
2026/05/31 22:02:26 [notice] 27#27: exit
2026/05/31 22:02:26 [notice] 25#25: exit
2026/05/31 22:02:26 [notice] 26#26: exit
2026/05/31 22:02:26 [notice] 29#29: exit
2026/05/31 22:02:26 [notice] 32#32: exit
2026/05/31 22:02:26 [notice] 35#35: exit
2026/05/31 22:02:26 [notice] 36#36: exit
2026/05/31 22:02:26 [notice] 37#37: exit
2026/05/31 22:02:26 [notice] 31#31: exit
2026/05/31 22:02:26 [notice] 40#40: exit
2026/05/31 22:02:26 [notice] 39#39: exit
2026/05/31 22:02:26 [notice] 34#34: exit
2026/05/31 22:02:26 [notice] 24#24: exit
2026/05/31 22:02:26 [notice] 21#21: exit
2026/05/31 22:02:26 [notice] 1#1: signal 17 (SIGCHLD) received from 33
2026/05/31 22:02:26 [notice] 1#1: worker process 28 exited with code 0
2026/05/31 22:02:26 [notice] 1#1: worker process 33 exited with code 0
2026/05/31 22:02:26 [notice] 1#1: signal 29 (SIGIO) received
2026/05/31 22:02:26 [notice] 1#1: signal 17 (SIGCHLD) received from 34
2026/05/31 22:02:26 [notice] 1#1: worker process 22 exited with code 0
2026/05/31 22:02:26 [notice] 1#1: worker process 26 exited with code 0
2026/05/31 22:02:26 [notice] 1#1: worker process 30 exited with code 0
2026/05/31 22:02:26 [notice] 1#1: worker process 31 exited with code 0
2026/05/31 22:02:26 [notice] 1#1: worker process 34 exited with code 0
2026/05/31 22:02:26 [notice] 1#1: worker process 36 exited with code 0
2026/05/31 22:02:26 [notice] 1#1: worker process 39 exited with code 0
2026/05/31 22:02:26 [notice] 1#1: signal 29 (SIGIO) received
2026/05/31 22:02:26 [notice] 1#1: signal 17 (SIGCHLD) received from 30
2026/05/31 22:02:26 [notice] 1#1: signal 17 (SIGCHLD) received from 38
2026/05/31 22:02:26 [notice] 1#1: worker process 37 exited with code 0
2026/05/31 22:02:26 [notice] 1#1: worker process 38 exited with code 0
2026/05/31 22:02:26 [notice] 1#1: signal 29 (SIGIO) received
2026/05/31 22:02:26 [notice] 1#1: signal 17 (SIGCHLD) received from 37
2026/05/31 22:02:26 [notice] 1#1: signal 17 (SIGCHLD) received from 27
2026/05/31 22:02:26 [notice] 1#1: worker process 21 exited with code 0
2026/05/31 22:02:26 [notice] 1#1: worker process 23 exited with code 0
2026/05/31 22:02:26 [notice] 1#1: worker process 25 exited with code 0
2026/05/31 22:02:26 [notice] 1#1: worker process 27 exited with code 0
2026/05/31 22:02:26 [notice] 1#1: worker process 29 exited with code 0
2026/05/31 22:02:26 [notice] 1#1: worker process 32 exited with code 0
2026/05/31 22:02:26 [notice] 1#1: worker process 35 exited with code 0
2026/05/31 22:02:26 [notice] 1#1: worker process 40 exited with code 0
2026/05/31 22:02:26 [notice] 1#1: signal 29 (SIGIO) received
2026/05/31 22:02:26 [notice] 1#1: signal 17 (SIGCHLD) received from 21
2026/05/31 22:02:26 [notice] 1#1: signal 17 (SIGCHLD) received from 24
2026/05/31 22:02:26 [notice] 1#1: worker process 24 exited with code 0
2026/05/31 22:02:26 [notice] 1#1: exit
2026/05/31 22:02:27 [notice] 1#1: using the "epoll" event method
2026/05/31 22:02:27 [notice] 1#1: nginx/1.28.2
2026/05/31 22:02:27 [notice] 1#1: built by gcc 14.2.0 (Debian 14.2.0-19) 
2026/05/31 22:02:27 [notice] 1#1: OS: Linux 6.6.87.2-microsoft-standard-WSL2
2026/05/31 22:02:27 [notice] 1#1: getrlimit(RLIMIT_NOFILE): 1048576:1048576
2026/05/31 22:02:27 [notice] 1#1: start worker processes
2026/05/31 22:02:27 [notice] 1#1: start worker process 21
2026/05/31 22:02:27 [notice] 1#1: start worker process 22
2026/05/31 22:02:27 [notice] 1#1: start worker process 23
2026/05/31 22:02:27 [notice] 1#1: start worker process 24
2026/05/31 22:02:27 [notice] 1#1: start worker process 25
2026/05/31 22:02:27 [notice] 1#1: start worker process 26
2026/05/31 22:02:27 [notice] 1#1: start worker process 27
2026/05/31 22:02:27 [notice] 1#1: start worker process 28
2026/05/31 22:02:27 [notice] 1#1: start worker process 29
2026/05/31 22:02:27 [notice] 1#1: start worker process 30
2026/05/31 22:02:27 [notice] 1#1: start worker process 31
2026/05/31 22:02:27 [notice] 1#1: start worker process 32
2026/05/31 22:02:27 [notice] 1#1: start worker process 33
2026/05/31 22:02:27 [notice] 1#1: start worker process 34
2026/05/31 22:02:27 [notice] 1#1: start worker process 35
2026/05/31 22:02:27 [notice] 1#1: start worker process 36
2026/05/31 22:02:27 [notice] 1#1: start worker process 37
2026/05/31 22:02:27 [notice] 1#1: start worker process 38
2026/05/31 22:02:27 [notice] 1#1: start worker process 39
2026/05/31 22:02:27 [notice] 1#1: start worker process 40
2026/05/31 22:12:58 [error] 22#22: *87 limiting requests, excess: 20.440 by zone "basic_limit", client: 172.20.0.4, server: _, request: "GET / HTTP/1.1", host: "reverse-proxy"
2026/05/31 22:12:58 [error] 22#22: *88 limiting requests, excess: 20.380 by zone "basic_limit", client: 172.20.0.4, server: _, request: "GET / HTTP/1.1", host: "reverse-proxy"
2026/05/31 22:12:58 [error] 22#22: *89 limiting requests, excess: 20.330 by zone "basic_limit", client: 172.20.0.4, server: _, request: "GET / HTTP/1.1", host: "reverse-proxy"
2026/05/31 22:12:58 [error] 22#22: *90 limiting requests, excess: 20.270 by zone "basic_limit", client: 172.20.0.4, server: _, request: "GET / HTTP/1.1", host: "reverse-proxy"
2026/05/31 22:12:58 [error] 22#22: *91 limiting requests, excess: 20.220 by zone "basic_limit", client: 172.20.0.4, server: _, request: "GET / HTTP/1.1", host: "reverse-proxy"
2026/05/31 22:12:58 [error] 22#22: *92 limiting requests, excess: 20.160 by zone "basic_limit", client: 172.20.0.4, server: _, request: "GET / HTTP/1.1", host: "reverse-proxy"
2026/05/31 22:12:58 [error] 22#22: *93 limiting requests, excess: 20.110 by zone "basic_limit", client: 172.20.0.4, server: _, request: "GET / HTTP/1.1", host: "reverse-proxy"
2026/05/31 22:12:58 [error] 22#22: *94 limiting requests, excess: 20.050 by zone "basic_limit", client: 172.20.0.4, server: _, request: "GET / HTTP/1.1", host: "reverse-proxy"
2026/05/31 22:12:58 [error] 23#23: *97 limiting requests, excess: 20.930 by zone "basic_limit", client: 172.20.0.4, server: _, request: "GET / HTTP/1.1", host: "reverse-proxy"
2026/05/31 22:12:58 [error] 23#23: *98 limiting requests, excess: 20.870 by zone "basic_limit", client: 172.20.0.4, server: _, request: "GET / HTTP/1.1", host: "reverse-proxy"
2026/05/31 22:12:58 [error] 23#23: *99 limiting requests, excess: 20.810 by zone "basic_limit", client: 172.20.0.4, server: _, request: "GET / HTTP/1.1", host: "reverse-proxy"
2026/05/31 22:12:58 [error] 23#23: *100 limiting requests, excess: 20.750 by zone "basic_limit", client: 172.20.0.4, server: _, request: "GET / HTTP/1.1", host: "reverse-proxy"
2026/05/31 22:12:58 [error] 23#23: *101 limiting requests, excess: 20.690 by zone "basic_limit", client: 172.20.0.4, server: _, request: "GET / HTTP/1.1", host: "reverse-proxy"
2026/05/31 22:12:58 [error] 23#23: *102 limiting requests, excess: 20.640 by zone "basic_limit", client: 172.20.0.4, server: _, request: "GET / HTTP/1.1", host: "reverse-proxy"
2026/05/31 22:12:58 [error] 23#23: *103 limiting requests, excess: 20.590 by zone "basic_limit", client: 172.20.0.4, server: _, request: "GET / HTTP/1.1", host: "reverse-proxy"
2026/05/31 22:12:58 [error] 23#23: *104 limiting requests, excess: 20.530 by zone "basic_limit", client: 172.20.0.4, server: _, request: "GET / HTTP/1.1", host: "reverse-proxy"
2026/05/31 22:12:58 [error] 23#23: *105 limiting requests, excess: 20.480 by zone "basic_limit", client: 172.20.0.4, server: _, request: "GET / HTTP/1.1", host: "reverse-proxy"
2026/05/31 22:12:58 [error] 23#23: *106 limiting requests, excess: 20.420 by zone "basic_limit", client: 172.20.0.4, server: _, request: "GET / HTTP/1.1", host: "reverse-proxy"
2026/05/31 22:12:58 [error] 23#23: *107 limiting requests, excess: 20.370 by zone "basic_limit", client: 172.20.0.4, server: _, request: "GET / HTTP/1.1", host: "reverse-proxy"
2026/05/31 22:12:58 [error] 23#23: *108 limiting requests, excess: 20.320 by zone "basic_limit", client: 172.20.0.4, server: _, request: "GET / HTTP/1.1", host: "reverse-proxy"
2026/05/31 22:12:58 [error] 23#23: *109 limiting requests, excess: 20.270 by zone "basic_limit", client: 172.20.0.4, server: _, request: "GET / HTTP/1.1", host: "reverse-proxy"
2026/05/31 22:12:58 [error] 23#23: *110 limiting requests, excess: 20.220 by zone "basic_limit", client: 172.20.0.4, server: _, request: "GET / HTTP/1.1", host: "reverse-proxy"
2026/05/31 22:12:58 [error] 23#23: *111 limiting requests, excess: 20.170 by zone "basic_limit", client: 172.20.0.4, server: _, request: "GET / HTTP/1.1", host: "reverse-proxy"
2026/05/31 22:12:58 [error] 23#23: *112 limiting requests, excess: 20.120 by zone "basic_limit", client: 172.20.0.4, server: _, request: "GET / HTTP/1.1", host: "reverse-proxy"
2026/05/31 22:12:58 [error] 24#24: *113 limiting requests, excess: 20.070 by zone "basic_limit", client: 172.20.0.4, server: _, request: "GET / HTTP/1.1", host: "reverse-proxy"
2026/05/31 22:12:58 [error] 24#24: *114 limiting requests, excess: 20.010 by zone "basic_limit", client: 172.20.0.4, server: _, request: "GET / HTTP/1.1", host: "reverse-proxy"
2026/05/31 22:19:42 [notice] 1#1: signal 3 (SIGQUIT) received, shutting down
2026/05/31 22:19:42 [notice] 21#21: gracefully shutting down
2026/05/31 22:19:42 [notice] 37#37: gracefully shutting down
2026/05/31 22:19:42 [notice] 22#22: gracefully shutting down
2026/05/31 22:19:42 [notice] 29#29: gracefully shutting down
2026/05/31 22:19:42 [notice] 26#26: gracefully shutting down
2026/05/31 22:19:42 [notice] 32#32: gracefully shutting down
2026/05/31 22:19:42 [notice] 25#25: gracefully shutting down
2026/05/31 22:19:42 [notice] 33#33: gracefully shutting down
2026/05/31 22:19:42 [notice] 27#27: gracefully shutting down
2026/05/31 22:19:42 [notice] 23#23: gracefully shutting down
2026/05/31 22:19:42 [notice] 31#31: gracefully shutting down
2026/05/31 22:19:42 [notice] 23#23: exiting
2026/05/31 22:19:42 [notice] 24#24: gracefully shutting down
2026/05/31 22:19:42 [notice] 30#30: gracefully shutting down
2026/05/31 22:19:42 [notice] 39#39: gracefully shutting down
2026/05/31 22:19:42 [notice] 36#36: gracefully shutting down
2026/05/31 22:19:42 [notice] 38#38: gracefully shutting down
2026/05/31 22:19:42 [notice] 24#24: exiting
2026/05/31 22:19:42 [notice] 34#34: gracefully shutting down
2026/05/31 22:19:42 [notice] 38#38: exiting
2026/05/31 22:19:42 [notice] 40#40: gracefully shutting down
2026/05/31 22:19:42 [notice] 28#28: gracefully shutting down
2026/05/31 22:19:42 [notice] 35#35: gracefully shutting down
2026/05/31 22:19:42 [notice] 21#21: exiting
2026/05/31 22:19:42 [notice] 22#22: exiting
2026/05/31 22:19:42 [notice] 37#37: exiting
2026/05/31 22:19:42 [notice] 29#29: exiting
2026/05/31 22:19:42 [notice] 32#32: exiting
2026/05/31 22:19:42 [notice] 26#26: exiting
2026/05/31 22:19:42 [notice] 25#25: exiting
2026/05/31 22:19:42 [notice] 27#27: exiting
2026/05/31 22:19:42 [notice] 25#25: exit
2026/05/31 22:19:42 [notice] 33#33: exiting
2026/05/31 22:19:42 [notice] 31#31: exiting
2026/05/31 22:19:42 [notice] 23#23: exit
2026/05/31 22:19:42 [notice] 30#30: exiting
2026/05/31 22:19:42 [notice] 39#39: exiting
2026/05/31 22:19:42 [notice] 36#36: exiting
2026/05/31 22:19:42 [notice] 39#39: exit
2026/05/31 22:19:42 [notice] 24#24: exit
2026/05/31 22:19:42 [notice] 38#38: exit
2026/05/31 22:19:42 [notice] 34#34: exiting
2026/05/31 22:19:42 [notice] 40#40: exiting
2026/05/31 22:19:42 [notice] 28#28: exiting
2026/05/31 22:19:42 [notice] 21#21: exit
2026/05/31 22:19:42 [notice] 35#35: exiting
2026/05/31 22:19:42 [notice] 22#22: exit
2026/05/31 22:19:42 [notice] 37#37: exit
2026/05/31 22:19:42 [notice] 29#29: exit
2026/05/31 22:19:42 [notice] 32#32: exit
2026/05/31 22:19:42 [notice] 26#26: exit
2026/05/31 22:19:42 [notice] 27#27: exit
2026/05/31 22:19:42 [notice] 33#33: exit
2026/05/31 22:19:42 [notice] 31#31: exit
2026/05/31 22:19:42 [notice] 30#30: exit
2026/05/31 22:19:42 [notice] 36#36: exit
2026/05/31 22:19:42 [notice] 34#34: exit
2026/05/31 22:19:42 [notice] 40#40: exit
2026/05/31 22:19:42 [notice] 28#28: exit
2026/05/31 22:19:42 [notice] 35#35: exit
2026/05/31 22:19:42 [notice] 1#1: signal 17 (SIGCHLD) received from 38
2026/05/31 22:19:42 [notice] 1#1: worker process 21 exited with code 0
2026/05/31 22:19:42 [notice] 1#1: worker process 27 exited with code 0
2026/05/31 22:19:42 [notice] 1#1: worker process 29 exited with code 0
2026/05/31 22:19:42 [notice] 1#1: worker process 37 exited with code 0
2026/05/31 22:19:42 [notice] 1#1: worker process 38 exited with code 0
2026/05/31 22:19:42 [notice] 1#1: signal 29 (SIGIO) received
2026/05/31 22:19:42 [notice] 1#1: signal 17 (SIGCHLD) received from 40
2026/05/31 22:19:42 [notice] 1#1: worker process 22 exited with code 0
2026/05/31 22:19:42 [notice] 1#1: worker process 23 exited with code 0
2026/05/31 22:19:42 [notice] 1#1: worker process 24 exited with code 0
2026/05/31 22:19:42 [notice] 1#1: worker process 25 exited with code 0
2026/05/31 22:19:42 [notice] 1#1: worker process 26 exited with code 0
2026/05/31 22:19:42 [notice] 1#1: worker process 28 exited with code 0
2026/05/31 22:19:42 [notice] 1#1: worker process 30 exited with code 0
2026/05/31 22:19:42 [notice] 1#1: worker process 31 exited with code 0
2026/05/31 22:19:42 [notice] 1#1: worker process 32 exited with code 0
2026/05/31 22:19:42 [notice] 1#1: worker process 33 exited with code 0
2026/05/31 22:19:42 [notice] 1#1: worker process 34 exited with code 0
2026/05/31 22:19:42 [notice] 1#1: worker process 36 exited with code 0
2026/05/31 22:19:42 [notice] 1#1: worker process 39 exited with code 0
2026/05/31 22:19:42 [notice] 1#1: worker process 40 exited with code 0
2026/05/31 22:19:42 [notice] 1#1: signal 29 (SIGIO) received
2026/05/31 22:19:42 [notice] 1#1: signal 17 (SIGCHLD) received from 36
2026/05/31 22:19:42 [notice] 1#1: signal 17 (SIGCHLD) received from 35
2026/05/31 22:19:42 [notice] 1#1: worker process 35 exited with code 0
2026/05/31 22:19:42 [notice] 1#1: exit
2026/05/31 22:19:43 [notice] 1#1: using the "epoll" event method
2026/05/31 22:19:43 [notice] 1#1: nginx/1.28.2
2026/05/31 22:19:43 [notice] 1#1: built by gcc 14.2.0 (Debian 14.2.0-19) 
2026/05/31 22:19:43 [notice] 1#1: OS: Linux 6.6.87.2-microsoft-standard-WSL2
2026/05/31 22:19:43 [notice] 1#1: getrlimit(RLIMIT_NOFILE): 1048576:1048576
2026/05/31 22:19:43 [notice] 1#1: start worker processes
2026/05/31 22:19:43 [notice] 1#1: start worker process 21
2026/05/31 22:19:43 [notice] 1#1: start worker process 22
2026/05/31 22:19:43 [notice] 1#1: start worker process 23
2026/05/31 22:19:43 [notice] 1#1: start worker process 24
2026/05/31 22:19:43 [notice] 1#1: start worker process 25
2026/05/31 22:19:43 [notice] 1#1: start worker process 26
2026/05/31 22:19:43 [notice] 1#1: start worker process 27
2026/05/31 22:19:43 [notice] 1#1: start worker process 28
2026/05/31 22:19:43 [notice] 1#1: start worker process 29
2026/05/31 22:19:43 [notice] 1#1: start worker process 30
2026/05/31 22:19:43 [notice] 1#1: start worker process 31
2026/05/31 22:19:43 [notice] 1#1: start worker process 32
2026/05/31 22:19:43 [notice] 1#1: start worker process 33
2026/05/31 22:19:43 [notice] 1#1: start worker process 34
2026/05/31 22:19:43 [notice] 1#1: start worker process 35
2026/05/31 22:19:43 [notice] 1#1: start worker process 36
2026/05/31 22:19:43 [notice] 1#1: start worker process 37
2026/05/31 22:19:43 [notice] 1#1: start worker process 38
2026/05/31 22:19:43 [notice] 1#1: start worker process 39
2026/05/31 22:19:43 [notice] 1#1: start worker process 40
2026/05/31 22:19:53 [error] 27#27: *13 limiting requests, excess: 5.862 by zone "advanced_limit", client: 172.20.0.4, server: _, request: "GET / HTTP/1.1", host: "reverse-proxy"
2026/05/31 22:19:53 [error] 28#28: *14 limiting requests, excess: 5.844 by zone "advanced_limit", client: 172.20.0.4, server: _, request: "GET / HTTP/1.1", host: "reverse-proxy"
2026/05/31 22:19:53 [error] 29#29: *15 limiting requests, excess: 5.829 by zone "advanced_limit", client: 172.20.0.4, server: _, request: "GET / HTTP/1.1", host: "reverse-proxy"
2026/05/31 22:19:53 [error] 30#30: *16 limiting requests, excess: 5.811 by zone "advanced_limit", client: 172.20.0.4, server: _, request: "GET / HTTP/1.1", host: "reverse-proxy"
2026/05/31 22:19:53 [error] 31#31: *17 limiting requests, excess: 5.793 by zone "advanced_limit", client: 172.20.0.4, server: _, request: "GET / HTTP/1.1", host: "reverse-proxy"
2026/05/31 22:19:53 [error] 32#32: *18 limiting requests, excess: 5.775 by zone "advanced_limit", client: 172.20.0.4, server: _, request: "GET / HTTP/1.1", host: "reverse-proxy"
2026/05/31 22:19:53 [error] 33#33: *19 limiting requests, excess: 5.760 by zone "advanced_limit", client: 172.20.0.4, server: _, request: "GET / HTTP/1.1", host: "reverse-proxy"
2026/05/31 22:19:53 [error] 34#34: *20 limiting requests, excess: 5.742 by zone "advanced_limit", client: 172.20.0.4, server: _, request: "GET / HTTP/1.1", host: "reverse-proxy"
2026/05/31 22:19:53 [error] 35#35: *21 limiting requests, excess: 5.727 by zone "advanced_limit", client: 172.20.0.4, server: _, request: "GET / HTTP/1.1", host: "reverse-proxy"
2026/05/31 22:19:53 [error] 36#36: *22 limiting requests, excess: 5.709 by zone "advanced_limit", client: 172.20.0.4, server: _, request: "GET / HTTP/1.1", host: "reverse-proxy"
2026/05/31 22:19:53 [error] 37#37: *23 limiting requests, excess: 5.694 by zone "advanced_limit", client: 172.20.0.4, server: _, request: "GET / HTTP/1.1", host: "reverse-proxy"
2026/05/31 22:19:53 [error] 38#38: *24 limiting requests, excess: 5.676 by zone "advanced_limit", client: 172.20.0.4, server: _, request: "GET / HTTP/1.1", host: "reverse-proxy"
2026/05/31 22:19:53 [error] 39#39: *25 limiting requests, excess: 5.658 by zone "advanced_limit", client: 172.20.0.4, server: _, request: "GET / HTTP/1.1", host: "reverse-proxy"
2026/05/31 22:19:53 [error] 40#40: *26 limiting requests, excess: 5.643 by zone "advanced_limit", client: 172.20.0.4, server: _, request: "GET / HTTP/1.1", host: "reverse-proxy"
2026/05/31 22:19:53 [error] 22#22: *27 limiting requests, excess: 5.628 by zone "advanced_limit", client: 172.20.0.4, server: _, request: "GET / HTTP/1.1", host: "reverse-proxy"
2026/05/31 22:19:53 [error] 22#22: *28 limiting requests, excess: 5.613 by zone "advanced_limit", client: 172.20.0.4, server: _, request: "GET / HTTP/1.1", host: "reverse-proxy"
2026/05/31 22:19:53 [error] 22#22: *29 limiting requests, excess: 5.595 by zone "advanced_limit", client: 172.20.0.4, server: _, request: "GET / HTTP/1.1", host: "reverse-proxy"
2026/05/31 22:19:53 [error] 22#22: *30 limiting requests, excess: 5.577 by zone "advanced_limit", client: 172.20.0.4, server: _, request: "GET / HTTP/1.1", host: "reverse-proxy"
2026/05/31 22:19:53 [error] 22#22: *31 limiting requests, excess: 5.562 by zone "advanced_limit", client: 172.20.0.4, server: _, request: "GET / HTTP/1.1", host: "reverse-proxy"
2026/05/31 22:19:53 [error] 22#22: *32 limiting requests, excess: 5.544 by zone "advanced_limit", client: 172.20.0.4, server: _, request: "GET / HTTP/1.1", host: "reverse-proxy"
2026/05/31 22:19:53 [error] 22#22: *33 limiting requests, excess: 5.529 by zone "advanced_limit", client: 172.20.0.4, server: _, request: "GET / HTTP/1.1", host: "reverse-proxy"
2026/05/31 22:19:53 [error] 22#22: *34 limiting requests, excess: 5.514 by zone "advanced_limit", client: 172.20.0.4, server: _, request: "GET / HTTP/1.1", host: "reverse-proxy"
2026/05/31 22:19:53 [error] 22#22: *35 limiting requests, excess: 5.496 by zone "advanced_limit", client: 172.20.0.4, server: _, request: "GET / HTTP/1.1", host: "reverse-proxy"
2026/05/31 22:19:53 [error] 22#22: *36 limiting requests, excess: 5.481 by zone "advanced_limit", client: 172.20.0.4, server: _, request: "GET / HTTP/1.1", host: "reverse-proxy"
2026/05/31 22:19:53 [error] 22#22: *37 limiting requests, excess: 5.466 by zone "advanced_limit", client: 172.20.0.4, server: _, request: "GET / HTTP/1.1", host: "reverse-proxy"
2026/05/31 22:19:53 [error] 22#22: *38 limiting requests, excess: 5.448 by zone "advanced_limit", client: 172.20.0.4, server: _, request: "GET / HTTP/1.1", host: "reverse-proxy"
2026/05/31 22:19:53 [error] 22#22: *39 limiting requests, excess: 5.433 by zone "advanced_limit", client: 172.20.0.4, server: _, request: "GET / HTTP/1.1", host: "reverse-proxy"
2026/05/31 22:19:53 [error] 22#22: *40 limiting requests, excess: 5.418 by zone "advanced_limit", client: 172.20.0.4, server: _, request: "GET / HTTP/1.1", host: "reverse-proxy"
2026/05/31 22:19:53 [error] 22#22: *41 limiting requests, excess: 5.403 by zone "advanced_limit", client: 172.20.0.4, server: _, request: "GET / HTTP/1.1", host: "reverse-proxy"
2026/05/31 22:19:53 [error] 22#22: *42 limiting requests, excess: 5.385 by zone "advanced_limit", client: 172.20.0.4, server: _, request: "GET / HTTP/1.1", host: "reverse-proxy"
2026/05/31 22:19:53 [error] 21#21: *43 limiting requests, excess: 5.370 by zone "advanced_limit", client: 172.20.0.4, server: _, request: "GET / HTTP/1.1", host: "reverse-proxy"
2026/05/31 22:19:53 [error] 21#21: *44 limiting requests, excess: 5.352 by zone "advanced_limit", client: 172.20.0.4, server: _, request: "GET / HTTP/1.1", host: "reverse-proxy"
2026/05/31 22:19:53 [error] 21#21: *45 limiting requests, excess: 5.337 by zone "advanced_limit", client: 172.20.0.4, server: _, request: "GET / HTTP/1.1", host: "reverse-proxy"
2026/05/31 22:19:53 [error] 21#21: *46 limiting requests, excess: 5.322 by zone "advanced_limit", client: 172.20.0.4, server: _, request: "GET / HTTP/1.1", host: "reverse-proxy"
2026/05/31 22:19:53 [error] 21#21: *47 limiting requests, excess: 5.307 by zone "advanced_limit", client: 172.20.0.4, server: _, request: "GET / HTTP/1.1", host: "reverse-proxy"
2026/05/31 22:19:53 [error] 21#21: *48 limiting requests, excess: 5.289 by zone "advanced_limit", client: 172.20.0.4, server: _, request: "GET / HTTP/1.1", host: "reverse-proxy"
2026/05/31 22:19:53 [error] 21#21: *49 limiting requests, excess: 5.274 by zone "advanced_limit", client: 172.20.0.4, server: _, request: "GET / HTTP/1.1", host: "reverse-proxy"
2026/05/31 22:19:53 [error] 21#21: *50 limiting requests, excess: 5.259 by zone "advanced_limit", client: 172.20.0.4, server: _, request: "GET / HTTP/1.1", host: "reverse-proxy"
2026/05/31 22:19:53 [error] 21#21: *51 limiting requests, excess: 5.238 by zone "advanced_limit", client: 172.20.0.4, server: _, request: "GET / HTTP/1.1", host: "reverse-proxy"
2026/05/31 22:19:53 [error] 21#21: *52 limiting requests, excess: 5.223 by zone "advanced_limit", client: 172.20.0.4, server: _, request: "GET / HTTP/1.1", host: "reverse-proxy"
2026/05/31 22:19:53 [error] 21#21: *53 limiting requests, excess: 5.208 by zone "advanced_limit", client: 172.20.0.4, server: _, request: "GET / HTTP/1.1", host: "reverse-proxy"
2026/05/31 22:19:53 [error] 21#21: *54 limiting requests, excess: 5.193 by zone "advanced_limit", client: 172.20.0.4, server: _, request: "GET / HTTP/1.1", host: "reverse-proxy"
2026/05/31 22:19:53 [error] 21#21: *55 limiting requests, excess: 5.178 by zone "advanced_limit", client: 172.20.0.4, server: _, request: "GET / HTTP/1.1", host: "reverse-proxy"
2026/05/31 22:19:53 [error] 21#21: *56 limiting requests, excess: 5.163 by zone "advanced_limit", client: 172.20.0.4, server: _, request: "GET / HTTP/1.1", host: "reverse-proxy"
2026/05/31 22:24:13 [error] 23#23: *69 limiting requests, excess: 3.922 by zone "advanced_limit", client: 172.20.0.4, server: _, request: "POST /login HTTP/1.1", host: "reverse-proxy"
2026/05/31 22:24:13 [error] 23#23: *70 limiting requests, excess: 3.904 by zone "advanced_limit", client: 172.20.0.4, server: _, request: "POST /login HTTP/1.1", host: "reverse-proxy"
2026/05/31 22:24:13 [error] 23#23: *71 limiting requests, excess: 3.889 by zone "advanced_limit", client: 172.20.0.4, server: _, request: "POST /login HTTP/1.1", host: "reverse-proxy"
2026/05/31 22:24:13 [error] 23#23: *72 limiting requests, excess: 3.871 by zone "advanced_limit", client: 172.20.0.4, server: _, request: "POST /login HTTP/1.1", host: "reverse-proxy"
2026/05/31 22:24:13 [error] 23#23: *73 limiting requests, excess: 3.856 by zone "advanced_limit", client: 172.20.0.4, server: _, request: "POST /login HTTP/1.1", host: "reverse-proxy"
2026/05/31 22:24:13 [error] 23#23: *74 limiting requests, excess: 3.838 by zone "advanced_limit", client: 172.20.0.4, server: _, request: "POST /login HTTP/1.1", host: "reverse-proxy"
2026/05/31 22:24:13 [error] 23#23: *75 limiting requests, excess: 3.823 by zone "advanced_limit", client: 172.20.0.4, server: _, request: "POST /login HTTP/1.1", host: "reverse-proxy"
2026/05/31 22:24:13 [error] 23#23: *76 limiting requests, excess: 3.805 by zone "advanced_limit", client: 172.20.0.4, server: _, request: "POST /login HTTP/1.1", host: "reverse-proxy"
2026/05/31 22:24:13 [error] 23#23: *77 limiting requests, excess: 3.784 by zone "advanced_limit", client: 172.20.0.4, server: _, request: "POST /login HTTP/1.1", host: "reverse-proxy"
2026/05/31 22:24:13 [error] 23#23: *78 limiting requests, excess: 3.766 by zone "advanced_limit", client: 172.20.0.4, server: _, request: "POST /login HTTP/1.1", host: "reverse-proxy"
2026/05/31 22:24:13 [error] 24#24: *79 limiting requests, excess: 3.742 by zone "advanced_limit", client: 172.20.0.4, server: _, request: "POST /login HTTP/1.1", host: "reverse-proxy"
2026/05/31 22:24:13 [error] 24#24: *80 limiting requests, excess: 3.727 by zone "advanced_limit", client: 172.20.0.4, server: _, request: "POST /login HTTP/1.1", host: "reverse-proxy"
2026/05/31 22:24:13 [error] 24#24: *81 limiting requests, excess: 3.709 by zone "advanced_limit", client: 172.20.0.4, server: _, request: "POST /login HTTP/1.1", host: "reverse-proxy"
2026/05/31 22:24:13 [error] 24#24: *82 limiting requests, excess: 3.691 by zone "advanced_limit", client: 172.20.0.4, server: _, request: "POST /login HTTP/1.1", host: "reverse-proxy"
2026/05/31 22:24:13 [error] 24#24: *83 limiting requests, excess: 3.670 by zone "advanced_limit", client: 172.20.0.4, server: _, request: "POST /login HTTP/1.1", host: "reverse-proxy"
2026/05/31 22:24:13 [error] 24#24: *84 limiting requests, excess: 3.652 by zone "advanced_limit", client: 172.20.0.4, server: _, request: "POST /login HTTP/1.1", host: "reverse-proxy"
2026/05/31 22:24:31 [error] 24#24: *97 limiting requests, excess: 5.859 by zone "advanced_limit", client: 172.20.0.4, server: _, request: "GET / HTTP/1.1", host: "reverse-proxy"
2026/05/31 22:24:31 [error] 24#24: *98 limiting requests, excess: 5.841 by zone "advanced_limit", client: 172.20.0.4, server: _, request: "GET / HTTP/1.1", host: "reverse-proxy"
2026/05/31 22:24:31 [error] 24#24: *99 limiting requests, excess: 5.826 by zone "advanced_limit", client: 172.20.0.4, server: _, request: "GET / HTTP/1.1", host: "reverse-proxy"
2026/05/31 22:24:31 [error] 24#24: *100 limiting requests, excess: 5.811 by zone "advanced_limit", client: 172.20.0.4, server: _, request: "GET / HTTP/1.1", host: "reverse-proxy"
2026/05/31 22:24:31 [error] 25#25: *101 limiting requests, excess: 5.793 by zone "advanced_limit", client: 172.20.0.4, server: _, request: "GET / HTTP/1.1", host: "reverse-proxy"
2026/05/31 22:24:31 [error] 25#25: *102 limiting requests, excess: 5.775 by zone "advanced_limit", client: 172.20.0.4, server: _, request: "GET / HTTP/1.1", host: "reverse-proxy"
2026/05/31 22:24:31 [error] 25#25: *103 limiting requests, excess: 5.760 by zone "advanced_limit", client: 172.20.0.4, server: _, request: "GET / HTTP/1.1", host: "reverse-proxy"
2026/05/31 22:24:31 [error] 25#25: *104 limiting requests, excess: 5.742 by zone "advanced_limit", client: 172.20.0.4, server: _, request: "GET / HTTP/1.1", host: "reverse-proxy"
2026/05/31 22:24:31 [error] 25#25: *105 limiting requests, excess: 5.727 by zone "advanced_limit", client: 172.20.0.4, server: _, request: "GET / HTTP/1.1", host: "reverse-proxy"
2026/05/31 22:24:31 [error] 25#25: *106 limiting requests, excess: 5.709 by zone "advanced_limit", client: 172.20.0.4, server: _, request: "GET / HTTP/1.1", host: "reverse-proxy"
2026/05/31 22:24:31 [error] 25#25: *107 limiting requests, excess: 5.691 by zone "advanced_limit", client: 172.20.0.4, server: _, request: "GET / HTTP/1.1", host: "reverse-proxy"
2026/05/31 22:24:31 [error] 25#25: *108 limiting requests, excess: 5.676 by zone "advanced_limit", client: 172.20.0.4, server: _, request: "GET / HTTP/1.1", host: "reverse-proxy"
2026/05/31 22:24:31 [error] 25#25: *109 limiting requests, excess: 5.661 by zone "advanced_limit", client: 172.20.0.4, server: _, request: "GET / HTTP/1.1", host: "reverse-proxy"
2026/05/31 22:24:31 [error] 25#25: *110 limiting requests, excess: 5.643 by zone "advanced_limit", client: 172.20.0.4, server: _, request: "GET / HTTP/1.1", host: "reverse-proxy"
2026/05/31 22:24:31 [error] 25#25: *111 limiting requests, excess: 5.628 by zone "advanced_limit", client: 172.20.0.4, server: _, request: "GET / HTTP/1.1", host: "reverse-proxy"
2026/05/31 22:24:31 [error] 25#25: *112 limiting requests, excess: 5.610 by zone "advanced_limit", client: 172.20.0.4, server: _, request: "GET / HTTP/1.1", host: "reverse-proxy"
2026/05/31 22:24:31 [error] 25#25: *113 limiting requests, excess: 5.595 by zone "advanced_limit", client: 172.20.0.4, server: _, request: "GET / HTTP/1.1", host: "reverse-proxy"
2026/05/31 22:24:31 [error] 25#25: *114 limiting requests, excess: 5.580 by zone "advanced_limit", client: 172.20.0.4, server: _, request: "GET / HTTP/1.1", host: "reverse-proxy"
2026/05/31 22:24:31 [error] 25#25: *115 limiting requests, excess: 5.562 by zone "advanced_limit", client: 172.20.0.4, server: _, request: "GET / HTTP/1.1", host: "reverse-proxy"
2026/05/31 22:24:31 [error] 25#25: *116 limiting requests, excess: 5.547 by zone "advanced_limit", client: 172.20.0.4, server: _, request: "GET / HTTP/1.1", host: "reverse-proxy"
2026/05/31 22:24:31 [error] 26#26: *117 limiting requests, excess: 5.532 by zone "advanced_limit", client: 172.20.0.4, server: _, request: "GET / HTTP/1.1", host: "reverse-proxy"
2026/05/31 22:24:31 [error] 26#26: *118 limiting requests, excess: 5.514 by zone "advanced_limit", client: 172.20.0.4, server: _, request: "GET / HTTP/1.1", host: "reverse-proxy"
2026/05/31 22:24:31 [error] 26#26: *119 limiting requests, excess: 5.499 by zone "advanced_limit", client: 172.20.0.4, server: _, request: "GET / HTTP/1.1", host: "reverse-proxy"
2026/05/31 22:24:31 [error] 26#26: *120 limiting requests, excess: 5.478 by zone "advanced_limit", client: 172.20.0.4, server: _, request: "GET / HTTP/1.1", host: "reverse-proxy"
2026/05/31 22:24:31 [error] 26#26: *121 limiting requests, excess: 5.460 by zone "advanced_limit", client: 172.20.0.4, server: _, request: "GET / HTTP/1.1", host: "reverse-proxy"
2026/05/31 22:24:31 [error] 26#26: *122 limiting requests, excess: 5.442 by zone "advanced_limit", client: 172.20.0.4, server: _, request: "GET / HTTP/1.1", host: "reverse-proxy"
2026/05/31 22:24:31 [error] 26#26: *123 limiting requests, excess: 5.427 by zone "advanced_limit", client: 172.20.0.4, server: _, request: "GET / HTTP/1.1", host: "reverse-proxy"
2026/05/31 22:24:32 [error] 26#26: *124 limiting requests, excess: 5.412 by zone "advanced_limit", client: 172.20.0.4, server: _, request: "GET / HTTP/1.1", host: "reverse-proxy"
2026/05/31 22:24:32 [error] 26#26: *125 limiting requests, excess: 5.394 by zone "advanced_limit", client: 172.20.0.4, server: _, request: "GET / HTTP/1.1", host: "reverse-proxy"
2026/05/31 22:24:32 [error] 26#26: *126 limiting requests, excess: 5.379 by zone "advanced_limit", client: 172.20.0.4, server: _, request: "GET / HTTP/1.1", host: "reverse-proxy"
2026/05/31 22:24:32 [error] 26#26: *127 limiting requests, excess: 5.361 by zone "advanced_limit", client: 172.20.0.4, server: _, request: "GET / HTTP/1.1", host: "reverse-proxy"
2026/05/31 22:24:32 [error] 26#26: *128 limiting requests, excess: 5.346 by zone "advanced_limit", client: 172.20.0.4, server: _, request: "GET / HTTP/1.1", host: "reverse-proxy"
2026/05/31 22:24:32 [error] 26#26: *129 limiting requests, excess: 5.328 by zone "advanced_limit", client: 172.20.0.4, server: _, request: "GET / HTTP/1.1", host: "reverse-proxy"
2026/05/31 22:24:32 [error] 26#26: *130 limiting requests, excess: 5.310 by zone "advanced_limit", client: 172.20.0.4, server: _, request: "GET / HTTP/1.1", host: "reverse-proxy"
2026/05/31 22:24:32 [error] 26#26: *131 limiting requests, excess: 5.292 by zone "advanced_limit", client: 172.20.0.4, server: _, request: "GET / HTTP/1.1", host: "reverse-proxy"
2026/05/31 22:24:32 [error] 26#26: *132 limiting requests, excess: 5.274 by zone "advanced_limit", client: 172.20.0.4, server: _, request: "GET / HTTP/1.1", host: "reverse-proxy"
2026/05/31 22:24:32 [error] 27#27: *133 limiting requests, excess: 5.259 by zone "advanced_limit", client: 172.20.0.4, server: _, request: "GET / HTTP/1.1", host: "reverse-proxy"
2026/05/31 22:24:32 [error] 27#27: *134 limiting requests, excess: 5.241 by zone "advanced_limit", client: 172.20.0.4, server: _, request: "GET / HTTP/1.1", host: "reverse-proxy"
2026/05/31 22:24:32 [error] 27#27: *135 limiting requests, excess: 5.226 by zone "advanced_limit", client: 172.20.0.4, server: _, request: "GET / HTTP/1.1", host: "reverse-proxy"
2026/05/31 22:24:32 [error] 27#27: *136 limiting requests, excess: 5.208 by zone "advanced_limit", client: 172.20.0.4, server: _, request: "GET / HTTP/1.1", host: "reverse-proxy"
2026/05/31 22:24:32 [error] 27#27: *137 limiting requests, excess: 5.193 by zone "advanced_limit", client: 172.20.0.4, server: _, request: "GET / HTTP/1.1", host: "reverse-proxy"
2026/05/31 22:24:32 [error] 27#27: *138 limiting requests, excess: 5.175 by zone "advanced_limit", client: 172.20.0.4, server: _, request: "GET / HTTP/1.1", host: "reverse-proxy"
2026/05/31 22:24:32 [error] 27#27: *139 limiting requests, excess: 5.160 by zone "advanced_limit", client: 172.20.0.4, server: _, request: "GET / HTTP/1.1", host: "reverse-proxy"
2026/05/31 22:24:32 [error] 27#27: *140 limiting requests, excess: 5.145 by zone "advanced_limit", client: 172.20.0.4, server: _, request: "GET / HTTP/1.1", host: "reverse-proxy"
2026/05/31 22:31:51 [error] 28#28: *153 limiting requests, excess: 3.922 by zone "advanced_limit", client: 172.20.0.4, server: _, request: "POST /login HTTP/1.1", host: "reverse-proxy"
2026/05/31 22:31:51 [error] 28#28: *154 limiting requests, excess: 3.904 by zone "advanced_limit", client: 172.20.0.4, server: _, request: "POST /login HTTP/1.1", host: "reverse-proxy"
2026/05/31 22:31:51 [error] 28#28: *155 limiting requests, excess: 3.886 by zone "advanced_limit", client: 172.20.0.4, server: _, request: "POST /login HTTP/1.1", host: "reverse-proxy"
2026/05/31 22:31:51 [error] 28#28: *156 limiting requests, excess: 3.868 by zone "advanced_limit", client: 172.20.0.4, server: _, request: "POST /login HTTP/1.1", host: "reverse-proxy"
2026/05/31 22:31:51 [error] 28#28: *157 limiting requests, excess: 3.853 by zone "advanced_limit", client: 172.20.0.4, server: _, request: "POST /login HTTP/1.1", host: "reverse-proxy"
2026/05/31 22:31:51 [error] 28#28: *158 limiting requests, excess: 3.838 by zone "advanced_limit", client: 172.20.0.4, server: _, request: "POST /login HTTP/1.1", host: "reverse-proxy"
2026/05/31 22:31:51 [error] 28#28: *159 limiting requests, excess: 3.823 by zone "advanced_limit", client: 172.20.0.4, server: _, request: "POST /login HTTP/1.1", host: "reverse-proxy"
2026/05/31 22:31:51 [error] 28#28: *160 limiting requests, excess: 3.805 by zone "advanced_limit", client: 172.20.0.4, server: _, request: "POST /login HTTP/1.1", host: "reverse-proxy"
2026/05/31 22:31:51 [error] 28#28: *161 limiting requests, excess: 3.790 by zone "advanced_limit", client: 172.20.0.4, server: _, request: "POST /login HTTP/1.1", host: "reverse-proxy"
2026/05/31 22:31:51 [error] 28#28: *162 limiting requests, excess: 3.775 by zone "advanced_limit", client: 172.20.0.4, server: _, request: "POST /login HTTP/1.1", host: "reverse-proxy"
2026/05/31 22:31:51 [error] 28#28: *163 limiting requests, excess: 3.757 by zone "advanced_limit", client: 172.20.0.4, server: _, request: "POST /login HTTP/1.1", host: "reverse-proxy"
2026/05/31 22:31:51 [error] 28#28: *164 limiting requests, excess: 3.742 by zone "advanced_limit", client: 172.20.0.4, server: _, request: "POST /login HTTP/1.1", host: "reverse-proxy"
2026/05/31 22:31:51 [error] 28#28: *165 limiting requests, excess: 3.724 by zone "advanced_limit", client: 172.20.0.4, server: _, request: "POST /login HTTP/1.1", host: "reverse-proxy"
2026/05/31 22:31:51 [error] 28#28: *166 limiting requests, excess: 3.706 by zone "advanced_limit", client: 172.20.0.4, server: _, request: "POST /login HTTP/1.1", host: "reverse-proxy"
2026/05/31 22:31:51 [error] 28#28: *167 limiting requests, excess: 3.688 by zone "advanced_limit", client: 172.20.0.4, server: _, request: "POST /login HTTP/1.1", host: "reverse-proxy"
2026/05/31 22:31:51 [error] 28#28: *168 limiting requests, excess: 3.670 by zone "advanced_limit", client: 172.20.0.4, server: _, request: "POST /login HTTP/1.1", host: "reverse-proxy"
